Workbook
Name a_prop: Abaco!$G$43:$G$69
Name Acc_max: Trajecto!$L$25
Name acc_x: Calculs!$D$4:$D$1004
Name acc_xz: Calculs!$F$4:$F$1004
Name acc_z: Calculs!$E$4:$E$1004
Name Alt_para: Trajecto!$I$28
Name alt_prop: Abaco!$J$43:$J$69
Name Alt_rampe: Trajecto!$C$21
Name Alt_sat: Trajecto!$I$26
Name Altitude_culmi: Trajecto!$I$27
Name b_bal: Abaco!$I$43:$I$69
Name b_prop: Abaco!$H$43:$H$69
Name Beta: Calculs!$M$4:$M$1004
Name Beta_rampe: Trajecto!$C$20
Name BetaD: Calculs!$N$4:$N$1004
Name CdP: Propu!$B$3:$Y$4
Name CdP_P: Propu!$B$4:$Y$4
Name CdP_t: Propu!$B$3:$Y$3
Name Club: Stabilito!$C$9
Name Cn: Stabilito!$H$28
Name Cn0: Stabilito!$I$28
Name Cnai: Stabilito!$O$19
Name Cnai0: Stabilito!$P$19
Name Cnail: Stabilito!$O$20
Name Cnc: Stabilito!$O$21
Name Cni: Stabilito!$O$22
Name Cni0: Stabilito!$P$22
Name Cnj: Stabilito!$O$23
Name Cno: Stabilito!$O$18
Name Cnr: Stabilito!$O$24
Name Combustion: Propu!$X$2
Name CritCnmax: Stabilito!$J$28
Name CritCnmin: Stabilito!$G$28
Name CritFinessemax: Stabilito!$J$27
Name CritFinessemin: Stabilito!$G$27
Name CritMsCnmax: Stabilito!$J$30
Name CritMsCnmin: Stabilito!$G$30
Name CritMsmax: Stabilito!$J$29
Name CritMsmin: Stabilito!$G$29
Name Cx: Trajecto!$C$16
Name Cx_para: Trajecto!$C$30
Name Cx_satellite: Trajecto!$D$30
Name D_ail: Stabilito!$C$35
Name D_can: Stabilito!$D$35
Name D_int: Stabilito!$E$34
Name D_og: Stabilito!$C$24
Name D_ref: Stabilito!$C$15
Name D_var: Abaco!$B$43:$B$69
Name D1j: Stabilito!$M$7
Name D1r: Stabilito!$O$7
Name D2j: Stabilito!$M$8
Name D2r: Stabilito!$O$8
Name Débit: Calculs!$R$4:$R$1004
Name Depotage: Propu!$Z$2
Name Diam_propu: Propu!$T$2
Name Dt_para: Trajecto!$C$33
Name Dt_satellite: Trajecto!$D$33
Name Dx_para: Trajecto!$C$35
Name Dx_sat: Trajecto!$D$35
Name E_ail: Stabilito!$C$31

Sheet Stabilito
C2: STABILITO | L2: ="Language/Langue" -> Language/Langue | M2: Français
C4: =IF(Lang="Français","Stabilité de fusée à ailerons",IF(Lang="English","Stability for rocket with fins","")) -> Stabilité de fusée à ailerons | M4: Fusée mono-diamètre,
M5: Transition A | O5: Transition B
C6: =IF(Lang="Français","Remplir les cases jaunes",IF(Lang="English","Fill-in yellow cells only","")) -> Remplir les cases jaunes | L6: =IF(Lang="Français","Longueur 'L'",IF(Lang="English","Length 'L'","")) -> Longueur 'L' | M6: 50 | O6: 50
C7: =IF(Lang="Français","Fusée",IF(Lang="English","Rocket","")) -> Fusée | L7: =IF(Lang="Français","Diamètre 'D1'",IF(Lang="English","Diameter 'D1'","")) -> Diamètre 'D1' | M7: 84 | O7: 84
B8: =IF(Lang="Français","Nom",IF(Lang="English","Name","")) -> Nom | C8: SP02_BETA | L8: =IF(Lang="Français","Diamètre 'D2'",IF(Lang="English","Diameter 'D2'","")) -> Diamètre 'D2' | M8: 104 | O8: 104
B9: Club | C9: L'AéroIPSA | L9: =IF(Lang="Français","Implantation 'x'",IF(Lang="English","Basement 'x'","")) -> Implantation 'x' | M9: 1 | O9: 0
B10: Matricule | C10: =IF((LEFT(Type_fusee,4)="Mini"),"MF",(IF((RIGHT(Type_fusee,1)="."),"FX",""))) -> FX | D10: 0 | E10: =IF(C10="","",C10&D10) -> FX0
B11: Type | C11: Fusée expérimentale. | M11: =IF(Lang="Français","Propu plein",IF(Lang="English","Loaded Motor","")) -> Propu plein | N11: =IF(Lang="Français","Propu vide",IF(Lang="English","Empty Motor","")) -> Propu vide | P11: =IF(Lang="Français","Sans propu",IF(Lang="English","Without M","")) -> Sans propu | T11: =IF(Lang="Français","Propulseur",IF(Lang="English","Motor","")) -> Propulseur
B12: =IF(Lang="Français","Masse",IF(Lang="English","Weight","")) -> Masse | C12: 7800 | D12: sans propu | L12: =IF(Lang="Français","Masse propu",IF(Lang="English","Motor Mass","")) -> Masse propu | M12: =MpropuPlein -> 1.685 | N12: =MpropuVide -> 0.652 | P12: - | S12: =IF(Lang="Français","Haut",IF(Lang="English","Top","")) -> Haut | T12: =XpropuRef-Long_propu -> 862
B13: =IF(Lang="Français","Centre de Masse",IF(Lang="English","Center of Mass","")) -> Centre de Masse | C13: 827 | D13: sans propu | L13: =IF(Lang="Français","CdM propu",IF(Lang="English","Motor CoM","")) -> CdM propu | M13: =XpropuPlein -> 250 | N13: =XpropuVide -> 240 | P13: - | S13: =IF(Lang="Français","Longueur",IF(Lang="English","Length","")) -> Longueur | T13: =Long_propu -> 488
B14: =IF(Lang="Français","Longueur totale",IF(Lang="English","Total length","")) -> Longueur totale | C14: 1410 | L14: =IF(Lang="Français","Masse fusée",IF(Lang="English","Rocket Mass","")) -> Masse fusée | M14: =MasseSans+MpropuPlein -> 9.485 | N14: =MasseSans+MpropuVide -> 8.452 | P14: =IF(OR(D12="sans propu",D12="without motor"),C12/1000,IF(OR(D12="avec propu vide",D12="with empty motor"),C12/1000-MpropuVide,IF(OR(D12="avec propu plein",D12="with loaded motor"),C12/1000-MpropuPlein,"Erreur"))) -> 7.8 | S14: =IF(Lang="Français","Bas",IF(Lang="English","Base","")) -> Bas | T14: =XpropuRef -> 1350
B15: =IF(Lang="Français","Diamètre Réf.",IF(Lang="English","Ref. Diameter","")) -> Diamètre Réf. | C15: =D_og -> 84 | L15: =IF(Lang="Français","CdM fusée",IF(Lang="English","Rocket CoM","")) -> CdM fusée | M15: =(XcgSans*MasseSans+(XpropuRef-Long_propu+XpropuPlein)*MpropuPlein)/MassePlein -> 877.62994 | N15: =(XcgSans*MasseSans+(XpropuRef-Long_propu+XpropuVide)*MpropuVide)/MasseVide -> 848.21391 | P15: =IF(OR(D13="sans propu",D13="without motor"),C13,IF(OR(D13="avec propu vide",D13="with empty motor"),(C13*MasseVide-(XpropuRef-Long_propu+XpropuVide)*MpropuVide)/MasseSans,IF(OR(D13="avec propu plein",D13="with loaded motor"),(C13*MassePlein-(XpropuRef-Long_propu+XpropuPlein)*MpropuPlein)/MasseSans,"Erreur"))) -> 827
T16: =IF(RIGHT(Type_masquage,1)=",",IF(Lang="Français","Ailerons","Fins"),IF(Lang="Français","Ailerons bas","Lower Fins")) -> Ailerons bas
C17: =IF(Lang="Français","Propulseur",IF(Lang="English","Motor","")) -> Propulseur | M17: XCp | O17: Cnα | S17: =IF(Lang="Français","Haut","Top") -> Haut | T17: =X_ail-m_ail -> 1230
B18: Type | C18: Barasinga (Pro54-5G C) | L18: =IF(Lang="Français","Coiffe",IF(Lang="English","Nose Cone","")) -> Coiffe | M18: =IF(LEFT(Forme_ogive,5)="Parab",1/2*Long_ogive,IF(LEFT(Forme_ogive,4)="Ogiv",7/15*Long_ogive,IF(LEFT(Forme_ogive,3)="Con",2/3*Long_ogive))) -> 183.33333 | O18: =2*POWER(D_og/D_ref, 2) -> 2 | S18: =IF(Lang="Français","Emplanture","Root edge") -> Emplanture | T18: =m_ail -> 180
B19: =IF(Lang="Français","Position du bas",IF(Lang="English","Basement","")) -> Position du bas | C19: 1350 | L19: =IF(Lang="Français","Ailerons",IF(Lang="English","Fins","")) -> Ailerons | M19: =(XCpa*Cnail-0.5*XCpi*Cni)/Cnai -> 1333.8462 | O19: =Cnail-Cni/2 -> 13.682157 | S19: =IF(Lang="Français","Bas","Base") -> Bas | T19: =X_ail -> 1410
B20: =IF(Propu="Cariacou","Cariacou :"," ") | C20: =IF(Propu="Pandora (Pro24-6G)",IF(Lang="Français","C'Space Seulement",IF(Lang="English","C'Space only","")),"") | L20: =IF(Lang="Français","Ail bas entier",IF(Lang="English","Total Lower Fins","")) -> Ail bas entier | M20: =X_ail-m_ail+p_ail*(m_ail+2*n_ail)/(3*(m_ail+n_ail))+(m_ail+n_ail-m_ail*n_ail/(m_ail+n_ail))/6 -> 1333.8462 | O20: =4*Q_ail*POWER((E_ail/D_ref),2)*(1+D_ail/(2*E_ail+D_ail))/(1+SQRT(1+POWER(2*f_ail/(m_ail+n_ail),2))) -> 13.682157
C21: =IF(Lang="Français","Coiffe",IF(Lang="English","Nose Cone","")) -> Coiffe | L21: =IF(Lang="Français","Ailerons haut",IF(Lang="English","Upper Fins","")) -> Ailerons haut | M21: =IF(LEFT(Type_masquage,1)="M",0, X_can-m_can+p_can*(m_can+2*n_can)/(3*(m_can+n_can))+(m_can+n_can-m_can*n_can/(m_can+n_can))/6) -> 0 | O21: =IF(LEFT(Type_masquage,1)="M",0, 4*Q_can*POWER((E_can/D_ref),2)*(1+D_can/(2*E_can+D_can))/(1+SQRT(1+POWER(2*f_can/(m_can+n_can),2)))) -> 0
B22: =IF(Lang="Français","Forme",IF(Lang="English","Shape","")) -> Forme | C22: Conique (droite) | L22: =IF(Lang="Français","Partie masquée",IF(Lang="English","Interation zone","")) -> Partie masquée | M22: =IF(LEFT(Type_masquage,1)="B", X_int-m_int+p_int*(m_int+2*n_int)/(3*(m_int+n_int))+(m_int+n_int-m_int*n_int/(m_int+n_int))/6, 0 ) -> 0 | O22: =IF(LEFT(Type_masquage,1)="B", 4*Q_int*POWER((E_int/D_ref),2)*(1+D_int/(2*E_int+D_int))/(1+SQRT(1+POWER(2*f_int/(m_int+n_int),2))), 0 ) -> 0
B23: =IF(Lang="Français","Hauteur",IF(Lang="English","Heigth","")) -> Hauteur | C23: 275 | L23: Transition A | M23: =IF(OR(RIGHT(Nb_diam,1)=",",D2j=0),0, X_j+l_j/3*(1+1/(1+D1j/D2j)) ) -> 0 | O23: =IF(OR(RIGHT(Nb_diam,1)=",",D2j=0),0,2*(POWER(D2j/D_ref,2)-POWER(D1j/D_ref,2))) -> 0
B24: =IF(Lang="Français","Diamètre",IF(Lang="English","Diameter","")) -> Diamètre | C24: 84 | L24: Transition B | M24: =IF( OR(RIGHT(Nb_diam,1)=",",D2r=0), 0, X_r+l_r/3*(1+1/(1+D1r/D2r)) ) -> 0 | O24: =IF( OR(RIGHT(Nb_diam,1)=",",D2r=0), 0, 2*(POWER(D2r/D_ref,2)-POWER(D1r/D_ref,2)) ) -> 0
E25: M | S25: =IF(AND(Portee_balistique>200,LEFT(Type_propu,3)="Min"),IF(Lang="Français","Fusée trop lègère !","Rocket too light"),"")
C26: =IF(LEFT(Type_masquage,1)="M",IF(Lang="Français","Ailerons","Fins"),IF(Lang="Français","Ailerons bas","Lower Fins")) -> Ailerons | D26: =IF(Lang="Français","Ailerons haut",IF(Lang="English","Upper Fins","")) -> Ailerons haut | F26: =TODAY() -> 45890 | G26: Min | H26: =IF(Lang="Français","Résultats",IF(Lang="English","Results","")) -> Résultats | J26: Max | S26: =IF(AND(Vsortie_de_rampe<18, OR(LEFT(Type_fusee,1)=",",LEFT(Type_fusee,4)="Mini",LEFT(Type_fusee,1)="R")),IF(Lang="Français","Fusée trop lourde ou rampe trop courte !","Rocket too heavy or launch pad too small!"),"") -> #N/A
C27: Mono-empennage | E27: =m_ail -> 180 | F27: Finesse | G27: =IF(RIGHT(Type_fusee,1)=".",10, IF(OR(LEFT(Type_fusee,1)="R",LEFT(Type_fusee,1)=",",LEFT(Type_fusee,4)="Mini"),10, IF(LEFT(Type_fusee,5)="Micro",10, IF(RIGHT(Type_fusee,1)=" ",1)))) -> 10 | H27: =Long_tot/D_ref -> 16.785714 | J27: =IF(RIGHT(Type_fusee,1)=".",35, IF(OR(LEFT(Type_fusee,1)="R",LEFT(Type_fusee,1)=",",LEFT(Type_fusee,4)="Mini"),20, IF(LEFT(Type_fusee,5)="Micro",30, IF(RIGHT(Type_fusee,1)=" ",100)))) -> 35 | S27: =IF(Finesse<CritFinessemin, IF(Lang="Français","Fusée trop courte !","Rocket too short!"), "" ) & IF(Finesse>CritFinessemax, IF(Lang="Français","Fusée trop longue !","Rocket too long!"), "" )
B28: =IF(Lang="Français"," Emplanture 'm'",IF(Lang="English"," Root edge 'm'","")) -> Emplanture 'm' | C28: 180 | D28: 70 | E28: =n_ail+(m_ail-n_ail)*(1-E_int/E_ail) -> 134.54545 | F28: =IF(Lang="Français","Portance","Lift") -> Portance | G28: =IF(RIGHT(Type_fusee,1)=".",15,IF(OR(LEFT(Type_fusee,1)="R",LEFT(Type_fusee,1)=",",LEFT(Type_fusee,4)="Mini"),15, IF(LEFT(Type_fusee,5)="Micro",15, IF(RIGHT(Type_fusee,1)=" ",15)))) -> 15 | H28: =Cnai+Cnc+Cno+Cnj+Cnr -> 15.682157 | I28: =Cnail+Cnc+Cno+Cnj+Cnr -> 15.682157 | J28: =IF(RIGHT(Type_fusee,1)=".",40, IF(OR(LEFT(Type_fusee,1)="R",LEFT(Type_fusee,1)=",",LEFT(Type_fusee,4)="Mini"),30, IF(LEFT(Type_fusee,5)="Micro",30, IF(RIGHT(Type_fusee,1)=" ",30)))) -> 40 | S28: =IF(Cn<CritCnmin, IF(Lang="Français","Ailerons trop petits !","Fins too small!"), "" ) & IF(Cn>CritCnmax, IF(Lang="Français","Ailerons trop grands !","Fins too big!"), "" )
B29: =IF(Lang="Français"," Saumon 'n'",IF(Lang="English"," Tip edge 'n'","")) -> Saumon 'n' | C29: 80 | D29: 10 | E29: =p_ail*E_int/E_ail -> 72.727273 | F29: =IF(Lang="Français","MargeStat.","StatMargin") -> MargeStat. | G29: =IF(RIGHT(Type_fusee,1)=".",2, IF(OR(LEFT(Type_fusee,1)="R",LEFT(Type_fusee,1)=",",LEFT(Type_fusee,4)="Mini"),1.5, IF(LEFT(Type_fusee,5)="Micro",1, IF(RIGHT(Type_fusee,1)=" ",1)))) -> 2 | H29: =(XCp-XcgPlein)/D_ref -> 3.6843727 | I29: =(XCp0-XcgVide)/D_ref -> 4.0345635 | J29: =IF(RIGHT(Type_fusee,1)=".",6, IF(OR(LEFT(Type_fusee,1)="R",LEFT(Type_fusee,1)=",",LEFT(Type_fusee,4)="Mini"),6, IF(LEFT(Type_fusee,5)="Micro",3, IF(RIGHT(Type_fusee,1)=" ",3)))) -> 6 | S29: =IF(MS_min<CritMsmin, IF(Lang="Français","Abaisser les ailerons ou rehausser le CdM !","Lower the fins or move up the center of mass!"), "" ) & IF(MS_max>CritMsmax, IF(Lang="Français","Rehausser les ailerons ou abaisser le CdM !","Move up the fins or lower the center of mass!"), "" )
B30: =IF(Lang="Français"," Flèche 'p'"," Offset 'p'") -> Flèche 'p' | C30: 160 | D30: 40 | E30: =IF(D_can/2+E_can<=D_ail/2,0, IF(D_can/2+E_can>=D_ail/2+E_ail,E_ail, D_can/2+E_can - D_ail/2 ) ) -> 50 | F30: =IF(Lang="Français","Couple","Torque") -> Couple | G30: =IF(RIGHT(Type_fusee,1)=".",40, IF(OR(LEFT(Type_fusee,1)="R",LEFT(Type_fusee,1)=",",LEFT(Type_fusee,4)="Mini"),30, IF(LEFT(Type_fusee,5)="Micro",15, IF(RIGHT(Type_fusee,1)=" ",15)))) -> 40 | H30: =MS_min*Cn -> 57.778909 | I30: =MS_max*Cn0 -> 63.270657 | J30: =IF(RIGHT(Type_fusee,1)=".",100, IF(OR(LEFT(Type_fusee,1)="R",LEFT(Type_fusee,1)=",",LEFT(Type_fusee,4)="Mini"),100, IF(LEFT(Type_fusee,5)="Micro",100, IF(RIGHT(Type_fusee,1)=" ",90)))) -> 100 | S30: =IF(MS_Cn_min<CritMsCnmin, IF(Lang="Français","Ailerons trop petits ou trop haut /CdM !","Fins too small or too high /CoM!"), "" ) & IF(MS_Cn_max>CritMsCnmax, IF(Lang="Français","Ailerons trop grands ou trop bas /CdM !","Fins too big or too low / CoM!"), "" )
B31: =IF(Lang="Français"," Envergure 'E'",IF(Lang="English"," Span 'E'","")) -> Envergure 'E' | C31: 110 | D31: 50 | E31: =ep_ail -> 4 | F31: XCp | H31: =(Cnai*XCpai+Cnc*XCpc+Cnj*XCpj+Cnr*XCpr+Cno*XCpo)/(Cnai+Cnc+Cnr+Cnj+Cno) -> 1187.1172 | I31: =(Cnail*XCpa+Cnc*XCpc+Cnj*XCpj+Cnr*XCpr+Cno*XCpo)/(Cnail+Cnc+Cnr+Cnj+Cno) -> 1187.1172
B32: =IF(Lang="Français"," Epaisseur 'ep'",IF(Lang="English"," Thickness 'ep'","")) -> Epaisseur 'ep' | C32: 4 | D32: 2 | E32: =IF(Q_ail=Q_can,Q_ail,FALSE) -> 4 | F32: MS /L | H32: =(XCp-XcgPlein)/Long_tot*100 -> 21.949454 | I32: =(XCp-XcgVide)/Long_tot*100 -> 24.035698
B33: =IF(Lang="Français"," Nombre ",IF(Lang="English"," Number of fins","")) -> Nombre | C33: 4 | D33: 4 | E33: =X_ail -> 1410 | H33: =IF(AND(CritCnmin<Cn,Cn0<CritCnmax,CritMsmin<MS_min,MS_max<CritMsmax,CritMsCnmin<MS_Cn_min,MS_Cn_max<CritMsCnmax),"STABLE",IF(OR(Cn<CritCnmin,MS_min<CritMsmin,MS_Cn_min<CritMsCnmin),"INSTABLE",IF(Lang="Français","SURSTABLE","OVERSTABLE"))) -> STABLE
B34: =IF(Lang="Français"," Position du bas",IF(Lang="English"," Basement","")) -> Position du bas | C34: 1410 | D34: 700 | E34: =D_ail -> 84
B35: =IF(Lang="Français"," Diamètre ",IF(Lang="English"," Diameter at Fins","")) -> Diamètre | C35: =D_ref -> 84 | D35: =D_ref -> 84 | E35: =SQRT(POWER(p_int+n_int/2-m_int/2,2)+POWER(E_int,2)) -> 70.710678 | W35: =RIGHT(Type_fusee,1="R")
B36: =IF(Lang="Français"," Ligne mi-corde f",IF(Lang="English"," Mid-chord line f","")) -> Ligne mi-corde f | C36: =SQRT(POWER(p_ail+n_ail/2-m_ail/2,2)+POWER(E_ail,2)) -> 155.56349 | D36: =SQRT(POWER(p_can+n_can/2-m_can/2,2)+POWER(E_can,2)) -> 50.990195
B37: =IF(Lang="Français","Commentaire libre :",IF(Lang="English","Free comment:","")) -> Commentaire libre : | L37: Checksum : | M37: =IF(ROUND(SUM(Propu!5:1228),0)=437735,"propu OK","propu NOK") -> propu OK | N37: =IF(Lang="Français","fichier initial","Initial file") -> fichier initial | Q37: v3.4.5
L39: =IF(Lang="Français","Maintenant que votre fusée est stable, vérifiez sa trajectoire via la feuille","Now your rocket is stable, check its trajectory on sheet") -> Maintenant que votre fusée est stable, vérifiez sa trajectoire via la feuille | M39: Trajecto
B92: =IF(Lang="Français","Textes pour les listes déroulantes et graphiques :",IF(Lang="English","Texts for drop-down lists & graphics :","")) -> Textes pour les listes déroulantes et graphiques :
B94: Français
B95: English
B97: =IF(Lang="Français","Fusée à eau ",IF(Lang="English","Water-rocket ","")) -> Fusée à eau
B98: =IF(Lang="Français","Microfusée",IF(Lang="English","Micro-rocket","")) -> Microfusée
B99: =IF(Lang="Français","Minifusée",IF(Lang="English","Mini-rocket","")) -> Minifusée
B100: =IF(Lang="Français","Fusée expérimentale.",IF(Lang="English","Experimental Rocket.","")) -> Fusée expérimentale.
B101: ,Minif Tests
B103: =IF(Lang="Français","sans propu",IF(Lang="English","without motor","")) -> sans propu
B104: =IF(Lang="Français","avec propu vide",IF(Lang="English","with empty motor","")) -> avec propu vide
B105: =IF(Lang="Français","avec propu plein",IF(Lang="English","with loaded motor","")) -> avec propu plein
B107: =IF(Lang="Français","Parabolique (arrondie)",IF(Lang="English","Parabola (rounded)","")) -> Parabolique (arrondie)
B108: =IF(Lang="Français","Ogivale (pointue)",IF(Lang="English","Ogive (sharp)","")) -> Ogivale (pointue)
B109: =IF(Lang="Français","Conique (droite)",IF(Lang="English","Cone (straight)","")) -> Conique (droite)
B111: Mono-empennage
B112: Bi-empennage
B114: =IF(Lang="Français","Fusée mono-diamètre,",IF(Lang="English","Mono-diameter rocket,","")) -> Fusée mono-diamètre,
B115: =IF(Lang="Français","Plusieurs diamètres.",IF(Lang="English","Many diameters rocket.","")) -> Plusieurs diamètres.
B117: =IF(Lang="Français","Diagramme des critères de stabilité","Stability criterions diagram") -> Diagramme des critères de stabilité
B118: =IF(Lang="Français","Marge Statique (MS)","Static Margin") -> Marge Statique (MS)
B119: =IF(Lang="Français","Portance Cnα","Lift Cnα") -> Portance Cnα
B121: =IF(Lang="Français","Données pour les graphiques :",IF(Lang="English","Data for plots:","")) -> Données pour les graphiques :
C123: X longi | D123: Y latéral | E123: - Y latéral
B124: Ogive | C124: =-Long_ogive -> -275 | D124: 0 | E124: =-D124 -> 0
B125: Ogive | C125: =-Long_ogive -> -275 | D125: =D_og/2 -> 42 | E125: =-D125 -> -42
B126: chmt1 pt1 | C126: =IF(AND(RIGHT(Nb_diam,1)=".",X_j), -X_j, C125 ) -> -275 | D126: =IF(AND(RIGHT(Nb_diam,1)=".",X_j), D1j/2, D125 ) -> 42 | E126: =-D126 -> -42
B127: chmt1 pt2 | C127: =IF(AND(RIGHT(Nb_diam,1)=".",X_j), -X_j-l_j, C126 ) -> -275 | D127: =IF(AND(RIGHT(Nb_diam,1)=".",X_j), D2j/2, D126 ) -> 42 | E127: =-D127 -> -42
B128: chmt2 pt1 | C128: =IF(AND(RIGHT(Nb_diam,1)=".",X_r), -X_r, C127 ) -> -275 | D128: =IF(AND(RIGHT(Nb_diam,1)=".",X_r), D1r/2, D127 ) -> 42 | E128: =-D128 -> -42
B129: chmt2 pt2 | C129: =IF(AND(RIGHT(Nb_diam,1)=".",X_r), -X_r-l_r, C128 ) -> -275 | D129: =IF(AND(RIGHT(Nb_diam,1)=".",X_r), D2r/2, D128 ) -> 42 | E129: =-D129 -> -42
B130: culot | C130: =-Long_tot -> -1410 | D130: =D129 -> 42 | E130: =-D130 -> -42
B131: culot | C131: =-Long_tot -> -1410 | D131: 0 | E131: =-D131 -> 0
B132: aileron pt1 | C132: =-X_ail+m_ail -> -1230 | D132: =D_ail/2 -> 42 | E132: =-D132 -> -42
B133: aileron pt2 | C133: =-X_ail+m_ail-p_ail -> -1390 | D133: =D_ail/2+E_ail -> 152 | E133: =-D133 -> -152
B134: aileron pt3 | C134: =-X_ail+m_ail-p_ail-n_ail -> -1470 | D134: =D_ail/2+E_ail -> 152 | E134: =-D134 -> -152
B135: aileron pt4 | C135: =-X_ail -> -1410 | D135: =D_ail/2 -> 42 | E135: =-D135 -> -42
B136: aileron pt1 | C136: =-X_ail+m_ail -> -1230 | D136: =D_ail/2 -> 42 | E136: =-D136 -> -42
B137: =IF(E_ail>0,IF(Lang="Français","Envergure","Span"),"") -> Envergure | C137: =MIN(-X_ail,-X_ail+m_ail-p_ail-n_ail)-Long_tot/30 -> -1517 | D137: =-D_ail/2-E_ail -> -152
B138: env milieu | C138: =MIN(-X_ail,-X_ail+m_ail-p_ail-n_ail)-Long_tot/30 -> -1517 | D138: =-D_ail/2-E_ail/2 -> -97
B139: env pt4 | C139: =MIN(-X_ail,-X_ail+m_ail-p_ail-n_ail)-Long_tot/30 -> -1517 | D139: =-D_ail/2 -> -42
B140: =IF(Lang="Français","Emplanture","Root edge") -> Emplanture | C140: =-X_ail+m_ail -> -1230 | D140: =D_ail/2+E_ail+Long_tot/20 -> 222.5
B141: empl milieu | C141: =-X_ail+m_ail/2 -> -1320 | D141: =D_ail/2+E_ail+Long_tot/20 -> 222.5
B142: empl pt4 | C142: =-X_ail -> -1410 | D142: =D_ail/2+E_ail+Long_tot/20 -> 222.5
B143: =IF(p_ail<>0,IF(Lang="Français","Flèche","Offset"),"") -> Flèche | C143: =-X_ail+m_ail -> -1230 | D143: =-D_ail/2-E_ail-Long_tot/30 -> -199
B144: flèche milieu | C144: =-X_ail+m_ail-p_ail/2 -> -1310 | D144: =-D_ail/2-E_ail-Long_tot/30 -> -199
B145: flèche pt2 | C145: =-X_ail+m_ail-p_ail -> -1390 | D145: =-D_ail/2-E_ail-Long_tot/30 -> -199
B146: =IF(n_ail>0,IF(Lang="Français","Saumon","Tip edge"),"") -> Saumon | C146: =-X_ail+m_ail-p_ail -> -1390 | D146: =-D_ail/2-E_ail-Long_tot/20 -> -222.5
B147: saumon milieu | C147: =-X_ail+m_ail-p_ail-n_ail/2 -> -1430 | D147: =-D_ail/2-E_ail-Long_tot/20 -> -222.5
B148: saumon pt3 | C148: =-X_ail+m_ail-p_ail-n_ail -> -1470 | D148: =-D_ail/2-E_ail-Long_tot/20 -> -222.5
B149: Xcg plein | C149: =-XcgPlein -> -877.62994 | D149: 0
B150: Xcg vide | C150: =-XcgVide -> -848.21391 | D150: 0
B151: Xcp | C151: =-XCp -> -1187.1172 | D151: 0
B152: Xcp | C152: =-XCp -> -1187.1172 | D152: =Cn*D_ref/CritCnmin -> 87.820076
B153: Xcp0 | C153: =-XCp0 -> -1187.1172 | D153: =Cn0*D_ref/CritCnmin -> 87.820076
B154: Xcp0 | C154: =-XCp0 -> -1187.1172 | D154: 0
B155: =IF(n_ail>0,IF(Lang="Français","Marge Statique","Static Margin"),"") -> Marge Statique | C155: =(-XcgPlein-XcgVide)/2 -> -862.92193 | D155: =-D_ail/2-E_ail-Long_tot/20 -> -222.5
B156: MS milieu | C156: =(C155+C157)/2 -> -1025.0196 | D156: =-D_ail/2-E_ail-Long_tot/20 -> -222.5
B157: MS Xcp | C157: =-XCp -> -1187.1172 | D157: =-D_ail/2-E_ail-Long_tot/20 -> -222.5
B158: canard pt1 | C158: =IF(LEFT(Type_masquage,1)="M",0,-X_can+m_can) -> 0 | D158: =IF(LEFT(Type_masquage,1)="M",0,D_ail/2) -> 0 | E158: =-D158 -> 0
B159: canard pt2 | C159: =IF(LEFT(Type_masquage,1)="M",0,-X_can+m_can-p_can) -> 0 | D159: =IF(LEFT(Type_masquage,1)="M",0,D_ail/2+E_can) -> 0 | E159: =-D159 -> 0
B160: canard pt3 | C160: =IF(LEFT(Type_masquage,1)="M",0,-X_can+m_can-p_can-n_can) -> 0 | D160: =IF(LEFT(Type_masquage,1)="M",0,D_ail/2+E_can) -> 0 | E160: =-D160 -> 0
B161: canard pt4 | C161: =IF(LEFT(Type_masquage,1)="M",0,-X_can) -> 0 | D161: =IF(LEFT(Type_masquage,1)="M",0,D_ail/2) -> 0 | E161: =-D161 -> 0
B162: canard pt1 | C162: =IF(LEFT(Type_masquage,1)="M",0,-X_can+m_can) -> 0 | D162: =IF(LEFT(Type_masquage,1)="M",0,D_ail/2) -> 0 | E162: =-D162 -> 0
B163: masquage pt1 | C163: =IF(LEFT(Type_masquage,1)="B",-X_int+m_int,0) -> 0 | D163: =IF(LEFT(Type_masquage,1)="B",D_int/2,0) -> 0 | E163: =-D163 -> 0
B164: masquage pt2 | C164: =IF(LEFT(Type_masquage,1)="B",-X_int+m_int-p_int,0) -> 0 | D164: =IF(LEFT(Type_masquage,1)="B",D_int/2+E_int,0) -> 0 | E164: =-D164 -> 0
...

Sheet Trajecto
C2: TRAJECTO
C4: =IF(Lang="Français","Trajectographie de fusée",IF(Lang="English","Rocket Trajectography","")) -> Trajectographie de fusée
C6: =IF(Lang="Français","Remplir les cases jaunes",IF(Lang="English","Fill-in yellow cells only","")) -> Remplir les cases jaunes
C7: =IF(Lang="Français","Fusée",IF(Lang="English","Rocket","")) -> Fusée
B8: =IF(Lang="Français","Nom",IF(Lang="English","Name","")) -> Nom | C8: =Nom -> SP02_BETA
B9: Club | C9: =Club -> L'AéroIPSA
B10: Matricule | C10: =Matricule -> FX0
B11: =IF(Lang="Français","Masse totale",IF(Lang="English","Total Mass","")) -> Masse totale | C11: =MassePlein -> 9.485
B12: =IF(Lang="Français","Propulseur",IF(Lang="English","Motor","")) -> Propulseur | C12: =Propu -> Barasinga (Pro54-5G C)
C14: =IF(Lang="Français","Traînée Aérdynamique",IF(Lang="English","Drag","")) -> Traînée Aérdynamique
B15: Surface Réf. | C15: =(PI()*D_ref^2/4+E_ail*ep_ail*Q_ail)/10^6 -> 0.0073017694
B16: Cx | C16: 0.6
C18: =IF(Lang="Français","Rampe de Lancement",IF(Lang="English","Launch Pad","")) -> Rampe de Lancement
B19: =IF(Lang="Français","Longueur",IF(Lang="English","Length","")) -> Longueur | C19: =IF(RIGHT(Type_fusee,1)=".",4, IF(LEFT(Type_fusee,4)="Mini",2.5, IF(LEFT(Type_fusee,5)="Micro",1, IF(RIGHT(Type_fusee,1)=" ",0.1,IF(LEFT(Type_fusee,1)="R",3, 2.5))))) -> 4
B20: =IF(Lang="Français","Élévation",IF(Lang="English","Angle /horizon","")) -> Élévation | C20: 72.642008
B21: Altitude | C21: 0
F22: =IF( OR( AND(Vsortie_de_rampe<18, RIGHT(Type_fusee,1)=";"), AND(Vsortie_de_rampe<20, RIGHT(Type_fusee,1)=".")), IF(Lang="Français","Vitesse en Sortie de Rampe trop faible, alléger la fusée ou choisir un propu plus puissant.","Speed at Launch Pad Exit too low, lighten the rocket or choose a bigger motor."), "") -> #N/A
C23: =IF(Lang="Français","DescenteSousParachute",IF(Lang="English","Over Parachute","")) -> DescenteSousParachute | G23: =TODAY() -> 45890 | H23: =IF(Lang="Français","Temps",IF(Lang="English","Time","")) -> Temps | I23: Altitude z | J23: =IF(Lang="Français","Portée x",IF(Lang="English","Range x","")) -> Portée x | K23: =IF(Lang="Français","Vitesse",IF(Lang="English","Velocity","")) -> Vitesse | L23: Accélération | M23: Efforts
C24: =C7 -> Fusée | D24: 0 satellite | E24: =IF(ABS(T_satellite-0.11-T_para)<0.1,"Pb!","") | F24: =IF(Lang="Français","Sortie de Rampe",IF(Lang="English","Launch-Pad Exit","")) -> Sortie de Rampe | K24: =INDEX(vit_xz,MATCH("Sortie de rampe",Event,0)) -> #N/A
B25: =IF(Lang="Français","Masse",IF(Lang="English","Mass","")) -> Masse | C25: =IF(Nb_sat="0 satellite",MasseVide,MasseVide-m_satellite) -> 8.452 | D25: =IF(RIGHT(Type_fusee,1)=".",1,0.15) -> 1 | F25: =IF(Lang="Français","Vit max & Acc max",IF(Lang="English","Max Velocity & Acc","")) -> Vit max & Acc max | K25: =MAX(vit_xz) -> 238.2867 | L25: =MAX(acc_xz) -> 83.369808
B26: =IF(Lang="Français","Dépotage",IF(Lang="English","Delay","")) -> Dépotage | C26: N/A | F26: =IF(Lang="Français","Largage du satellite",IF(Lang="English","Satellite separation","")) -> Largage du satellite | H26: =IF(T_satellite<>0,T_satellite,"") -> 3.5 | I26: =IF(T_satellite<>0,INDEX(pos_z,MATCH("Satellite",Event_sat,0)),"") -> #N/A | J26: =IF(T_satellite<>0,INDEX(pos_x,MATCH("Satellite",Event_sat,0)),"") -> #N/A | K26: =IF(T_satellite<>0,INDEX(vit_xz,MATCH("Satellite",Event_sat,0)),"") -> #N/A | M26: =1/2*Rho_moyen*1*V_ouv_sat^2*S_satellite -> #N/A
B27: =IF(Lang="Français","Ouverture para",IF(Lang="English","Opening time","")) -> Ouverture para | C27: 21.7 | D27: 3.5 | F27: Culmination, Apogée | H27: =INDEX(t,MATCH("Apogée",Event,0)) -> 23.2 | I27: =INDEX(pos_z,MATCH("Apogée",Event,0)) -> 2430.751 | J27: =INDEX(pos_x,MATCH("Apogée",Event,0)) -> 1310.482 | K27: =INDEX(vit_xz,MATCH("Apogée",Event,0)) -> 52.227679
B28: Type de para | C28: Croix | F28: =IF(Lang="Français","Ouverture parachute fusée",IF(Lang="English","Rocket parachute opening","")) -> Ouverture parachute fusée | H28: =T_para -> 21.7 | I28: =INDEX(pos_z,MATCH("Para",Event_para,0)) -> 2418.9069 | J28: =INDEX(pos_x,MATCH("Para",Event_para,0)) -> 1231.3628 | K28: =INDEX(vit_xz,MATCH("Para",Event_para,0)) -> 55.452447 | M28: =1/2*Rho_moyen*1*V_ouverture^2*S_para -> 904.98404 | P28: =IF(V_para<5, IF(Lang="Français","Parachute fusée trop grand !","Parachute too big!"), IF( V_para>15, IF(Lang="Français","Parachute fusée trop petit !","Parachute too small!"), "")) -> Parachute fusée trop petit ! | R28: =IF(AND(Nb_sat="1 satellite", OR(V_satellite<5)), IF(Lang="Français","Parachute satéllite trop grand !","Parachute too big"), IF(AND(Nb_sat="1 satellite",OR(V_satellite>15)), IF(Lang="Français","Parachute satéllite trop petit !","Parachute too small!"), ""))
B29: Surface para | C29: =IF(C28="rond",S_para_rond,IF(C28="Croix",S_para_croix,0.5)) -> 0.4805 | D29: =IF(RIGHT(Type_fusee,1)=".",0.1,0.02) -> 0.1 | F29: =IF(Lang="Français","Impact balistique",IF(Lang="English","Balistic Impact","")) -> Impact balistique | H29: =INDEX(t,MATCH("Impact balistique",Event,0)) -> 48.3 | I29: ~0 m | J29: =INDEX(pos_x,MATCH("Impact balistique",Event,0)) -> 2310.0931 | K29: =K47 -> 159.74319 | M29: =0.5*m_vide*K29^2 -> 107838.59 | P29: =IF( OR( V_para<5, V_para>15, AND(Nb_sat="1 satellite", OR(V_satellite<5, V_satellite>15))), IF(Lang="Français","La Vitesse de descente sous parachute doit être comprise entre 5 & 15 m/s.","Fall Velocity with parachute must be between 5 & 15 m/s."), "") -> La Vitesse de descente sous parachute doit être comprise entre 5 & 15 m/s.
B30: Cx parachute | C30: 1 | D30: 1 | E30: =IF(AND(T_satellite=0,m_satellite<>0),"Erreur !","") | P30: =IF(AND(Portee_balistique>200,LEFT(Type_propu,4)="Mini"),IF(Lang="Français","Fusée trop lègère !","Rocket too light"),"")
B31: =IF(Lang="Français","Vitesse du vent",IF(Lang="English","Wind speed","")) -> Vitesse du vent | C31: 5 | D31: =V_vent -> 5 | P31: =IF(OR(AND(Vsortie_de_rampe<20,LEFT(Type_fusee,1)="F"),AND(Vsortie_de_rampe<18, OR(LEFT(Type_fusee,1)=",",LEFT(Type_fusee,4)="Mini",LEFT(Type_fusee,1)="R"))),IF(Lang="Français","Fusée trop lourde ou rampe trop courte !","Rocket too heavy or launch pad too small!"),"") -> #N/A
B32: =IF(Lang="Français","Vitesse descente",IF(Lang="English","Fall velocity","")) -> Vitesse descente | C32: =SQRT(2*m_vide*g/Rho_moyen/S_para/Cx_para) -> 16.784736 | D32: =SQRT(2*m_satellite*g/Rho_moyen/S_satellite/Cx_satellite) -> 12.655563 | P32: =IF(Temps_culmi-T_para>2,IF(Lang="Français","Ouverture parachute fusée précoce.","Early rocket parachute opening."),IF(Temps_culmi-T_para<-2,IF(Lang="Français","Ouverture parachute fusée tardive.","Late rocket parachute opening."),""))
B33: =IF(Lang="Français","Durée descente",IF(Lang="English","Fall duration","")) -> Durée descente | C33: =Alt_para/V_para -> 144.11349 | D33: =IF(V_satellite<>0,Alt_sat/V_satellite,0) -> #N/A | H33: =IF(Lang="Français","Pour localiser la fusée","To locate the rocket") -> Pour localiser la fusée | P33: =IF(ABS(Temps_culmi-T_para)>2,IF(Lang="Français","Attention, aux efforts sur le parachute lors de l'ouverture !","Becarefull to the opening chute efforts!"),"")
B34: =IF(Lang="Français","Durée du vol",IF(Lang="English","Fligth duration","")) -> Durée du vol | C34: =T_para+Dt_para -> 165.81349 | D34: =T_satellite+Dt_satellite -> #N/A | F34: =IF(Lang="Français","Couleur fuselage/coiffe","Body/Nose color") -> Couleur fuselage/coiffe | H34: Brun/Orange…
B35: =IF(Lang="Français","Déport latéral",IF(Lang="English","Lateral shift","")) -> Déport latéral | C35: =Alt_para*V_vent/V_para -> 720.56746 | D35: =IF(V_satellite<>0,Alt_sat*V_vent_sat/V_satellite,0) -> #N/A | F35: =IF(Lang="Français","Couleur parachute fusée","Rocket parachute color") -> Couleur parachute fusée | H35: Rouge… | N35: =IF(Lang="Français","fichier initial","Initial file") -> fichier initial
F36: =IF(Lang="Français","Couleur parachute satellite","Satellite parachute color") -> Couleur parachute satellite | H36: Jaune | N36: =IF(ROUND(SUM(Propu!5:1228),0)=437735,"propu OK","propu NOK") -> propu OK
B37: =IF(Lang="Français","Commentaire libre :",IF(Lang="English","Free comment:","")) -> Commentaire libre : | N37: v3.4.5
A40: =IF(Lang="Français","Calcul de la surface d'un parachute","Parachute surface calculation") -> Calcul de la surface d'un parachute | F40: =IF(Lang="Français","Résultats détaillés","Detailled results") -> Résultats détaillés | H40: =IF(Lang="Français","Temps",IF(Lang="English","Time","")) -> Temps | I40: Altitude z | J40: =IF(Lang="Français","Portée x",IF(Lang="English","Range x","")) -> Portée x | K40: =IF(Lang="Français","Vitesse",IF(Lang="English","Velocity","")) -> Vitesse | L40: Accélération | M40: Angle
H41: s | I41: m | J41: m | K41: m/s | L41: m/s² | M41: °
F42: =IF(Lang="Français","Décollage",IF(Lang="English","Lift-Off","")) -> Décollage | H42: 3.7 | I42: 353.9867 | J42: 86.435214 | K42: 72.694334 | L42: - | M42: =Beta_rampe -> 72.642008
B43: =IF(Lang="Français","Bord 'a'","Side length 'a'") -> Bord 'a' | F43: =IF(Lang="Français","Sortie de Rampe",IF(Lang="English","Launch-Pad Exit","")) -> Sortie de Rampe | H43: =INDEX(t,MATCH("Sortie de rampe",Event,0)) -> #N/A | I43: =INDEX(pos_z,MATCH("Sortie de rampe",Event,0)) -> #N/A | J43: =INDEX(pos_x,MATCH("Sortie de rampe",Event,0)) -> #N/A | K43: =INDEX(vit_xz,MATCH("Sortie de rampe",Event,0)) -> #N/A | L43: =INDEX(acc_xz,MATCH("Sortie de rampe",Event,0)) -> #N/A | M43: =INDEX(BetaD,MATCH("Sortie de rampe",Event,0)) -> #N/A
B44: 310 | F44: =IF(Lang="Français","Vit max & Acc max",IF(Lang="English","Max Velocity & Acc","")) -> Vit max & Acc max | H44: - | I44: - | J44: - | K44: =MAX(vit_xz) -> 238.2867 | L44: =MAX(acc_xz) -> 83.369808 | M44: -
B45: =IF(Lang="Français","Coté 'b'","Side width 'b'") -> Coté 'b' | F45: =IF(Lang="Français","Fin de Propulsion",IF(Lang="English","Motor Burn-Out","")) -> Fin de Propulsion | H45: =INDEX(t,MATCH("Fin de propulsion",Event,0)) -> 7.3 | I45: =INDEX(pos_z,MATCH("Fin de propulsion",Event,0)) -> 960.66101 | J45: =INDEX(pos_x,MATCH("Fin de propulsion",Event,0)) -> 308.44346 | K45: =INDEX(vit_xz,MATCH("Fin de propulsion",Event,0)) -> 233.27091 | L45: =INDEX(acc_xz,MATCH("Fin de propulsion",Event,0)) -> 25.114887 | M45: =INDEX(BetaD,MATCH("Fin de propulsion",Event,0)) -> 68.474971
B46: 310 | F46: Culmination, Apogée | H46: =INDEX(t,MATCH("Apogée",Event,0)) -> 23.2 | I46: =INDEX(pos_z,MATCH("Apogée",Event,0)) -> 2430.751 | J46: =INDEX(pos_x,MATCH("Apogée",Event,0)) -> 1310.482 | K46: =INDEX(vit_xz,MATCH("Apogée",Event,0)) -> 52.227679 | L46: =INDEX(acc_xz,MATCH("Apogée",Event,0)) -> 9.8525407 | M46: =INDEX(BetaD,MATCH("Apogée",Event,0)) -> 0.52607457
B47: Surface para | F47: =IF(Lang="Français","Impact balistique",IF(Lang="English","Balistic Impact","")) -> Impact balistique | H47: =INDEX(t,MATCH("Impact balistique",Event,0)) -> 48.3 | I47: ~0 | J47: =INDEX(pos_x,MATCH("Impact balistique",Event,0)) -> 2310.0931 | K47: =INDEX(vit_xz,MATCH("Impact balistique",Event,0)) -> 159.74319 | L47: =INDEX(acc_xz,MATCH("Impact balistique",Event,0)) -> 2.209189 | M47: =INDEX(BetaD,MATCH("Impact balistique",Event,0)) -> -81.254787
B48: =(4*B44*B46+B44^2)/10^6 -> 0.4805 | F48: =IF(Lang="Français","Ouverture parachute fusée",IF(Lang="English","Rocket parachute opening","")) -> Ouverture parachute fusée | H48: =T_para -> 21.7 | I48: =INDEX(pos_z,MATCH("Para",Event_para,0)) -> 2418.9069 | J48: =INDEX(pos_x,MATCH("Para",Event_para,0)) -> 1231.3628 | K48: =INDEX(vit_xz,MATCH("Para",Event_para,0)) -> 55.452447 | L48: =INDEX(acc_xz,MATCH("Para",Event_para,0)) -> 10.064824 | M48: =INDEX(BetaD,MATCH("Para",Event_para,0)) -> 16.085199
F49: =IF(Lang="Français","Impact fusée sous para.",IF(Lang="English","Impact of rocket with para. ","")) -> Impact fusée sous para. | H49: =T_para+Dt_para -> 165.81349 | I49: ~0 | J49: =CONCATENATE(TEXT(X_para-Dx_para,"0")," | ",TEXT(X_para+Dx_para,"0")) -> 511 | 1952 | K49: =V_para -> 16.784736 | L49: =g -> 9.81 | M49: -
F50: =IF(Lang="Français","Largage du satellite",IF(Lang="English","Satellite separation","")) -> Largage du satellite | H50: =IF(T_satellite<>0,T_satellite,"") -> 3.5 | I50: =IF(T_satellite<>0,INDEX(pos_z,MATCH("Satellite",Event_sat,0)),"") -> #N/A | J50: =IF(T_satellite<>0,INDEX(pos_x,MATCH("Satellite",Event_sat,0)),"") -> #N/A | K50: =IF(T_satellite<>0,INDEX(vit_xz,MATCH("Satellite",Event_sat,0)),"") -> #N/A | L50: =IF(T_satellite<>0,INDEX(acc_xz,MATCH("Satellite",Event_sat,0)),"") -> #N/A | M50: =IF(T_satellite<>0,INDEX(BetaD,MATCH("Satellite",Event_sat,0)),"") -> #N/A
B51: =IF(Lang="Français","Rayon exterieur","Half-diameter ext") -> Rayon exterieur | F51: =IF(Lang="Français","Impact du satellite",IF(Lang="English","Satellite impact","")) -> Impact du satellite | H51: =IF(T_satellite<>0,T_satellite+Dt_satellite,"") -> #N/A | I51: =IF(T_satellite<>0,"~0","") -> ~0 | J51: =IF(T_satellite<>0,CONCATENATE(TEXT(X_satellite-Dx_sat,"0")," | ",TEXT(X_satellite+Dx_sat,"0")),"") -> #N/A | K51: =IF(T_satellite<>0,V_satellite,"") -> 12.655563 | L51: =IF(T_satellite<>0,g,"") -> 9.81 | M51: =IF(T_satellite<>0,"-","") -> -
B52: 299
B53: =IF(Lang="Français","Rayon intérieur","Half-diameter int") -> Rayon intérieur
B54: 29
B55: Surface para
B56: =PI()*(B52^2-B54^2)/10^6 -> 0.27821945
B94: =IF(Lang="Français","Vitesse de descente sous parachute :",IF(Lang="English","Fall velocity over parachute:","")) -> Vitesse de descente sous parachute :
B103: =IF(Lang="Français","Textes pour les listes déroulantes et graphiques :","Texts for drop-down lists & graphics :") -> Textes pour les listes déroulantes et graphiques :
F104: N/A | G104: Délais dépotage | I104: Rond
B105: 0 satellite | F105: =Combustion+Depotage-9 -> -9 | G105: -9 | I105: Croix
B106: 1 satellite | F106: =Combustion+Depotage-7 -> -7 | G106: -7 | I106: Autre
B107: =IF(T_para>0,IF(Lang="Français","Phase ascendante","Climbing phase"),"") -> Phase ascendante | F107: =Combustion+Depotage-5 -> -5 | G107: -5
B108: =IF(Lang="Français","Descente balistique","Balistic fall") -> Descente balistique | F108: =Combustion+Depotage-3 -> -3 | G108: -3
B109: =IF(T_para>0,IF(Lang="Français","Fusée sous parachute","Rocket under parachute"),"") -> Fusée sous parachute | F109: =Combustion+Depotage -> 0 | G109: -0
B110: =IF(AND(Nb_sat="1 satellite",T_satellite>0),IF(Lang="Français","Satellite sous parachute","Satellite over parachute"),"") | F110: =IF(Lang="Français","autre",IF(Lang="English","other","")) -> autre
B111: =IF(Lang="Français","Trajectoire (x z)","Trajectory (x z)") -> Trajectoire (x z)
B112: =IF(Lang="Français","Portée x [m]","Range x [m]") -> Portée x [m]
B113: =IF(Lang="Français","Temps [s]","Time [s]") -> Temps [s]
B114: =IF(Lang="Français","Altitude z / Temps","Altitude z / Time") -> Altitude z / Temps | C114: =IF(OR(C26=F104,C26=F110),C27,C26) -> 21.7
B116: T_para =
B118: =IF(Lang="Français","Données pour les graphiques :","Data for plots:") -> Données pour les graphiques :
B120: xz max | C120: xz max
B121: =MAX(Altitude_culmi,Portee_balistique) -> 2430.751 | C121: =MAX(Altitude_culmi,Portee_balistique) -> 2430.751
B123: x para | C123: z para
B124: =X_para -> 1231.3628 | C124: =Alt_para -> 2418.9069
B125: =X_para -> 1231.3628 | C125: =Alt_para/2 -> 1209.4534
B126: =X_para -> 1231.3628 | C126: 0
B127: =X_para+Alt_para/40 -> 1291.8355 | C127: =Alt_para/20 -> 120.94534
B128: =X_para -> 1231.3628 | C128: 0
B129: =X_para-Alt_para/40 -> 1170.8902 | C129: =Alt_para/20 -> 120.94534
B130: =X_para -> 1231.3628 | C130: 0
B131: t para | C131: z para
B132: =T_para -> 21.7 | C132: =Alt_para -> 2418.9069
B133: =(B132+B134)/2 -> 93.756746 | C133: =(C132+C134)/2 -> 1209.4534 | E133: 1 | F133: vertical
B134: =H49 -> 165.81349 | C134: =0 -> 0 | E134: 1 | F134: horizontal
B135: =H49+E133*sS/2*zZ_fus-E134*sS*tT_fus -> 164.03059 | C135: =Alt_para-V_para*(H49-T_para)+E133*sS*Altitude_culmi/H49*zZ_fus+E134*sS/2*Altitude_culmi/H49*tT_fus -> 101.57527 | F135: flèches
B136: =H49 -> 165.81349 | C136: =Alt_para-V_para*(H49-T_para) -> 0 | E136: 1s | F136: =T_balistique/10 -> 4.83
B137: =H49-E133*sS/2*zZ_fus-E134*sS*tT_fus -> 159.20059 | C137: =Alt_para-V_para*(H49-T_para)+E133*sS*Altitude_culmi/H49*zZ_fus-E134*sS/2*Altitude_culmi/H49*tT_fus -> 40.035974 | E137: t/T | F137: =(H49-T_para)/H49 -> 0.86913007
B138: =H49 -> 165.81349 | C138: =Alt_para-V_para*(H49-T_para) -> 0 | E138: z/Z | F138: =V_para*(H49-T_para)/Alt_para -> 1
B140: x sat | C140: z sat
B141: =IF(Nb_sat="1 satellite",X_satellite) -> FALSE | C141: =IF(Nb_sat="1 satellite",Alt_sat) -> FALSE
B142: =IF(Nb_sat="1 satellite",X_satellite) -> FALSE | C142: =IF(Nb_sat="1 satellite",Alt_sat*1/4) -> FALSE
B143: =IF(Nb_sat="1 satellite",X_satellite) -> FALSE | C143: =IF(Nb_sat="1 satellite",0) -> FALSE
B144: =IF(Nb_sat="1 satellite",X_satellite+Alt_sat/40) -> FALSE | C144: =IF(Nb_sat="1 satellite",Alt_sat/20) -> FALSE
B145: =IF(Nb_sat="1 satellite",X_satellite) -> FALSE | C145: =IF(Nb_sat="1 satellite",0) -> FALSE
B146: =IF(Nb_sat="1 satellite",X_satellite-Alt_sat/40) -> FALSE | C146: =IF(Nb_sat="1 satellite",Alt_sat/20) -> FALSE
B147: =IF(Nb_sat="1 satellite",X_satellite) -> FALSE | C147: =IF(Nb_sat="1 satellite",0) -> FALSE
B148: t sat | C148: z sat
B149: =IF(Nb_sat="1 satellite",T_satellite) -> FALSE | C149: =IF(Nb_sat="1 satellite",Alt_sat) -> FALSE
B150: =(B149+B151)/2 -> 0 | C150: =(C149+C151)/2 -> 0
B151: =IF(Nb_sat="1 satellite",H51) -> FALSE | C151: =IF(Nb_sat="1 satellite",0) -> FALSE
B152: =IF(Nb_sat="1 satellite",H51+E133*sS/2*zZ_sat-E134*sS*tT_sat) -> FALSE | C152: =IF(Nb_sat="1 satellite",Alt_sat-V_satellite*(H51-T_satellite)+E133*sS*Altitude_culmi/H51*zZ_sat+E134*sS/2*Altitude_culmi/H51*tT_sat) -> FALSE
B153: =IF(Nb_sat="1 satellite",H51) -> FALSE | C153: =IF(Nb_sat="1 satellite",0) -> FALSE
B154: =IF(Nb_sat="1 satellite",H51-sS/2*zZ_sat-E134*sS*tT_sat) -> FALSE | C154: =IF(Nb_sat="1 satellite",Alt_sat-V_satellite*(H51-T_satellite)+E133*sS*Altitude_culmi/H51*zZ_sat-E134*sS/2*Altitude_culmi/H51*tT_sat) -> FALSE | E154: t/T | F154: =(T_balistique-T_satellite)/T_balistique -> 0.92753623
B155: =IF(Nb_sat="1 satellite",H51) -> FALSE | C155: =IF(Nb_sat="1 satellite",0) -> FALSE | E155: z/Z | F155: =V_satellite*(T_balistique-T_satellite)/Alt_sat -> #N/A
B157: t | C157: z | D157: x
B158: =T_para/4 -> 5.425 | C158: =Alt_para/2 -> 1209.4534 | D158: =X_para/4 -> 307.84071
...

Sheet Courbes
B75: Notes :
B76: =IF(Lang="Français","Ces courbes représentent la trajectoire de la fusée dans l'hypothèse d'une descente balistique (sans ouverture du parachute). ","These curves show the rocket trajectory in case of ballistic fall (without parachute).") -> Ces courbes représentent la trajectoire de la fusée dans l'hypothèse d'une descente balistique (sans ouverture du parachute).
B77: =IF(Lang="Français","L'accélération longitudinale gravitationnelle définit le mouvement (dérivée de la vitesse) : Acc = (Poussee - Traînée ± Poids) / m",IF(Lang="English","Longitudinal Gravitaionnal Acceleration defines the motion (velocity derivative) : Acc = (Thrust - Drag ± Weight)/m","")) -> L'accélération longitudinale gravitationnelle définit le mouvement (dérivée de la vitesse) : Acc = (Poussee - Traînée ± Poids) / m
B78: =IF(Lang="Français","La charge ''non-gravitationnelle'' vue par un capteur d'accélération (masse-ressort) est : Charge = (Poussée - Traînée) / m",IF(Lang="English","''Non-Gravitaionnal'' Load seen by an acceleration sensor (mass-spring) is : Load = (Thrust - Drag) / m","")) -> La charge ''non-gravitationnelle'' vue par un capteur d'accélération (masse-ressort) est : Charge = (Poussée - Traînée) / m
B79: =IF(Lang="Français","Exemples : Si Poussée = Poids, Vitesse constante, Acc nulle, Charge = 1G ; En chute libre, Acc = -1G, Charge = 0",IF(Lang="English","","")) -> Exemples : Si Poussée = Poids, Vitesse constante, Acc nulle, Charge = 1G ; En chute libre, Acc = -1G, Charge = 0
B131: =IF(Lang="Français","Textes pour les graphiques :","Texts for graphics :") -> Textes pour les graphiques :
B133: =IF(Lang="Français","Traînée",IF(Lang="English","Drag","")) -> Traînée
B134: =IF(Lang="Français","Poussée",IF(Lang="English","Thrust","")) -> Poussée
B135: =IF(Lang="Français","Poids",IF(Lang="English","Weight","")) -> Poids
B137: =IF(Lang="Français","Accélération longitudinale",IF(Lang="English","Longitudinal Acceleration","")) -> Accélération longitudinale
B138: =IF(Lang="Français","Charge vue par un capteur",IF(Lang="English","Load seen by a sensor","")) -> Charge vue par un capteur
B140: =IF(Lang="Français","Vitesse",IF(Lang="English","Velocity","")) -> Vitesse
B141: =IF(Lang="Français","Vitesse [m/s]",IF(Lang="English","Velocity [m/s]","")) -> Vitesse [m/s]
B143: Altitude
B144: =IF(Lang="Français","Portée",IF(Lang="English","Range","")) -> Portée
B146: =IF(Lang="Français","Temps [s]",IF(Lang="English","Time [s]","")) -> Temps [s]

Sheet Propu
A1: =IF(Lang="Français","Moteur sélectionné","Selected motor") -> Moteur sélectionné | B1: Ligne
A2: =Propu -> Barasinga (Pro54-5G C) | B2: =VLOOKUP(A2,A26:B314,2,FALSE) -> 279 | C2: I_total | D2: =INDIRECT(ADDRESS(B2,4)) -> 2058.37 | E2: ISP | F2: =INDIRECT(ADDRESS(B2,6)) -> 203.12067 | G2: MpropuPlein | H2: =INDIRECT(ADDRESS(B2,8)) -> 1.685 | I2: m_poudre | J2: =INDIRECT(ADDRESS(B2,10)) -> 1.033 | K2: MpropuVide | L2: =INDIRECT(ADDRESS(B2,12)) -> 0.652 | M2: XpropuPlein | N2: =INDIRECT(ADDRESS(B2,14)) -> 250 | O2: XpropuVide | P2: =INDIRECT(ADDRESS(B2,16)) -> 240 | Q2: Longueur | R2: =INDIRECT(ADDRESS(B2,18)) -> 488 | S2: Diamètre | T2: =INDIRECT(ADDRESS(B2,20)) -> 54 | U2: Type | V2: =INDIRECT(ADDRESS(B2,22)) -> Fusex | W2: Combustion | X2: =INDIRECT(ADDRESS(B2,24)) -> 0 | Y2: Dépotage | Z2: =INDIRECT(ADDRESS(B2,26)) -> 0
A3: =IF(Lang="Français","Temps (en s)","Time (s)") -> Temps (en s) | B3: =INDIRECT(ADDRESS($B2+1,COLUMN(B3))) -> 0 | C3: =INDIRECT(ADDRESS($B2+1,COLUMN(C3))) -> 0.05 | D3: =INDIRECT(ADDRESS($B2+1,COLUMN(D3))) -> 0.5 | E3: =INDIRECT(ADDRESS($B2+1,COLUMN(E3))) -> 1 | F3: =INDIRECT(ADDRESS($B2+1,COLUMN(F3))) -> 1.5 | G3: =INDIRECT(ADDRESS($B2+1,COLUMN(G3))) -> 2 | H3: =INDIRECT(ADDRESS($B2+1,COLUMN(H3))) -> 2.5 | I3: =INDIRECT(ADDRESS($B2+1,COLUMN(I3))) -> 2.97 | ... Y3: =INDIRECT(ADDRESS($B2+1,COLUMN(Y3))) -> 1000
A4: =IF(Lang="Français","Poussée (en N)","Thrust (N)") -> Poussée (en N) | B4: =INDIRECT(ADDRESS($B2+2,COLUMN(B3))) -> 0 | C4: =INDIRECT(ADDRESS($B2+2,COLUMN(C3))) -> 893 | D4: =INDIRECT(ADDRESS($B2+2,COLUMN(D3))) -> 798 | E4: =INDIRECT(ADDRESS($B2+2,COLUMN(E3))) -> 739 | F4: =INDIRECT(ADDRESS($B2+2,COLUMN(F3))) -> 659 | G4: =INDIRECT(ADDRESS($B2+2,COLUMN(G3))) -> 586 | H4: =INDIRECT(ADDRESS($B2+2,COLUMN(H3))) -> 513 | I4: =INDIRECT(ADDRESS($B2+2,COLUMN(I3))) -> 417 | ... Y4: =INDIRECT(ADDRESS($B2+2,COLUMN(Y3))) -> 0
A25: H2O
A26: H2O 1.5L 300g 6bar | B26: =ROW(A26) -> 26 | C26: I_total | D26: =SUM(B29:Y29) -> 9.845 | E26: ISP | F26: =D26/g/J26 -> 3.345226 | G26: MpropuPlein | H26: 0.3 | I26: M_éjecté | J26: =H26-L26 -> 0.3 | K26: M_burnout | L26: 0 | M26: XpropuPlein | N26: =0.2*R26 -> 60 | O26: XpropuVide | P26: 150 | Q26: Longueur | R26: 300 | S26: Diamètre | T26: 90 | U26: Type | V26: H2O
A27: Temps (en s) | B27: 0 | C27: 0.001 | D27: 0.02 | E27: 0.038 | F27: 0.04 | G27: 0.04 | H27: 0.04 | I27: 0.04 | J27: 0.04 | K27: 0.04 | L27: 0.04 | M27: 0.04 | N27: 0.04 | O27: 0.04 | P27: 0.04 | Q27: 0.04 | R27: 0.04 | S27: 0.04 | T27: 0.04 | U27: 0.04 | V27: 0.04 | W27: 0.04 | X27: 0.04 | Y27: 1000
A28: Poussée (en N) | B28: 0 | C28: 310 | D28: 250 | E28: 212 | F28: 0 | G28: 0 | H28: 0 | I28: 0 | J28: 0 | K28: 0 | L28: 0 | M28: 0 | N28: 0 | O28: 0 | P28: 0 | Q28: 0 | R28: 0 | S28: 0 | T28: 0 | U28: 0 | V28: 0 | W28: 0 | X28: 0 | Y28: 0
A29: I_total_i (en N.s) | B29: =(C28+B28)*(C27-B27)/2 -> 0.155 | C29: =(D28+C28)*(D27-C27)/2 -> 5.32 | D29: =(E28+D28)*(E27-D27)/2 -> 4.158 | E29: =(F28+E28)*(F27-E27)/2 -> 0.212 | F29: =(G28+F28)*(G27-F27)/2 -> 0 | G29: =(H28+G28)*(H27-G27)/2 -> 0 | H29: =(I28+H28)*(I27-H27)/2 -> 0 | I29: =(J28+I28)*(J27-I27)/2 -> 0 | ... X29: =(Y28+X28)*(Y27-X27)/2 -> 0
A31: H2O 1.5L 450g 6bar | B31: =ROW(A31) -> 31 | C31: I_total | D31: =SUM(B34:Y34) -> 13.8145 | E31: ISP | F31: =D31/g/J31 -> 3.1293465 | G31: MpropuPlein | H31: 0.45 | I31: M_éjecté | J31: =H31-L31 -> 0.45 | K31: M_burnout | L31: 0 | M31: XpropuPlein | N31: =0.3*R31 -> 90 | O31: XpropuVide | P31: 150 | Q31: Longueur | R31: 300 | S31: Diamètre | T31: 90 | U31: Type | V31: H2O
A32: Temps (en s) | B32: 0 | C32: 0.001 | D32: 0.02 | E32: 0.04 | F32: 0.061 | G32: 0.062 | H32: 0.062 | I32: 0.062 | J32: 0.062 | K32: 0.062 | L32: 0.062 | M32: 0.062 | N32: 0.062 | O32: 0.062 | P32: 0.062 | Q32: 0.062 | R32: 0.062 | S32: 0.062 | T32: 0.062 | U32: 0.062 | V32: 0.062 | W32: 0.062 | X32: 0.062 | Y32: 1000
A33: Poussée (en N) | B33: 0 | C33: 310 | D33: 245 | E33: 200 | F33: 167 | G33: 0 | H33: 0 | I33: 0 | J33: 0 | K33: 0 | L33: 0 | M33: 0 | N33: 0 | O33: 0 | P33: 0 | Q33: 0 | R33: 0 | S33: 0 | T33: 0 | U33: 0 | V33: 0 | W33: 0 | X33: 0 | Y33: 0
A34: I_total_i (en N.s) | B34: =(C33+B33)*(C32-B32)/2 -> 0.155 | C34: =(D33+C33)*(D32-C32)/2 -> 5.2725 | D34: =(E33+D33)*(E32-D32)/2 -> 4.45 | E34: =(F33+E33)*(F32-E32)/2 -> 3.8535 | F34: =(G33+F33)*(G32-F32)/2 -> 0.0835 | G34: =(H33+G33)*(H32-G32)/2 -> 0 | H34: =(I33+H33)*(I32-H32)/2 -> 0 | I34: =(J33+I33)*(J32-I32)/2 -> 0 | ... X34: =(Y33+X33)*(Y32-X32)/2 -> 0
A36: H2O 1.5L 600g 6bar | B36: =ROW(A36) -> 36 | C36: I_total | D36: =SUM(B39:Y39) -> 17.1445 | E36: ISP | F36: =D36/g/J36 -> 2.9127591 | G36: MpropuPlein | H36: 0.6 | I36: M_éjecté | J36: =H36-L36 -> 0.6 | K36: M_burnout | L36: 0 | M36: XpropuPlein | N36: =0.4*R36 -> 120 | O36: XpropuVide | P36: 150 | Q36: Longueur | R36: 300 | S36: Diamètre | T36: 90 | U36: Type | V36: H2O
A37: Temps (en s) | B37: 0 | C37: 0.001 | D37: 0.02 | E37: 0.04 | F37: 0.06 | G37: 0.08 | H37: 0.088 | I37: 0.089 | J37: 0.089 | K37: 0.089 | L37: 0.089 | M37: 0.089 | N37: 0.089 | O37: 0.089 | P37: 0.089 | Q37: 0.089 | R37: 0.089 | S37: 0.089 | T37: 0.089 | U37: 0.089 | V37: 0.089 | W37: 0.089 | X37: 0.089 | Y37: 1000
A38: Poussée (en N) | B38: 0 | C38: 310 | D38: 240 | E38: 190 | F38: 157 | G38: 133 | H38: 125 | I38: 0 | J38: 0 | K38: 0 | L38: 0 | M38: 0 | N38: 0 | O38: 0 | P38: 0 | Q38: 0 | R38: 0 | S38: 0 | T38: 0 | U38: 0 | V38: 0 | W38: 0 | X38: 0 | Y38: 0
A39: I_total_i (en N.s) | B39: =(C38+B38)*(C37-B37)/2 -> 0.155 | C39: =(D38+C38)*(D37-C37)/2 -> 5.225 | D39: =(E38+D38)*(E37-D37)/2 -> 4.3 | E39: =(F38+E38)*(F37-E37)/2 -> 3.47 | F39: =(G38+F38)*(G37-F37)/2 -> 2.9 | G39: =(H38+G38)*(H37-G37)/2 -> 1.032 | H39: =(I38+H38)*(I37-H37)/2 -> 0.0625 | I39: =(J38+I38)*(J37-I37)/2 -> 0 | ... X39: =(Y38+X38)*(Y37-X37)/2 -> 0
A41: H2O 1.5L 750g 6bar | B41: =ROW(A41) -> 41 | C41: I_total | D41: =SUM(B44:Y44) -> 19.415 | E41: ISP | F41: =D41/g/J41 -> 2.6388039 | G41: MpropuPlein | H41: 0.75 | I41: M_éjecté | J41: =H41-L41 -> 0.75 | K41: M_burnout | L41: 0 | M41: XpropuPlein | N41: =0.5*R41 -> 150 | O41: XpropuVide | P41: 150 | Q41: Longueur | R41: 300 | S41: Diamètre | T41: 90 | U41: Type | V41: H2O
A42: Temps (en s) | B42: 0 | C42: 0.001 | D42: 0.02 | E42: 0.04 | F42: 0.06 | G42: 0.08 | H42: 0.1 | I42: 0.123 | J42: 0.124 | K42: 0.124 | L42: 0.124 | M42: 0.124 | N42: 0.124 | O42: 0.124 | P42: 0.124 | Q42: 0.124 | R42: 0.124 | S42: 0.124 | T42: 0.124 | U42: 0.124 | V42: 0.124 | W42: 0.124 | X42: 0.124 | Y42: 1000
A43: Poussée (en N) | B43: 0 | C43: 310 | D43: 230 | E43: 175 | F43: 140 | G43: 118 | H43: 100 | I43: 85 | J43: 0 | K43: 0 | L43: 0 | M43: 0 | N43: 0 | O43: 0 | P43: 0 | Q43: 0 | R43: 0 | S43: 0 | T43: 0 | U43: 0 | V43: 0 | W43: 0 | X43: 0 | Y43: 0
A44: I_total_i (en N.s) | B44: =(C43+B43)*(C42-B42)/2 -> 0.155 | C44: =(D43+C43)*(D42-C42)/2 -> 5.13 | D44: =(E43+D43)*(E42-D42)/2 -> 4.05 | E44: =(F43+E43)*(F42-E42)/2 -> 3.15 | F44: =(G43+F43)*(G42-F42)/2 -> 2.58 | G44: =(H43+G43)*(H42-G42)/2 -> 2.18 | H44: =(I43+H43)*(I42-H42)/2 -> 2.1275 | I44: =(J43+I43)*(J42-I42)/2 -> 0.0425 | ... X44: =(Y43+X43)*(Y42-X42)/2 -> 0
A46: H2O 2.0L 400g 6bar | B46: =ROW(A46) -> 46 | C46: I_total | D46: =SUM(B49:Y49) -> 12.8695 | E46: ISP | F46: =D46/g/J46 -> 3.2796891 | G46: MpropuPlein | H46: 0.5 | I46: M_éjecté | J46: =H46-L46 -> 0.4 | K46: M_burnout | L46: 0.1 | M46: XpropuPlein | N46: =0.2*R46 -> 60 | O46: XpropuVide | P46: 150 | Q46: Longueur | R46: 300 | S46: Diamètre | T46: 98 | U46: Type | V46: H2O
A47: Temps (en s) | B47: 0 | C47: 0.001 | D47: 0.02 | E47: 0.04 | F47: 0.05 | G47: 0.051 | H47: 0.051 | I47: 0.051 | J47: 0.051 | K47: 0.051 | L47: 0.051 | M47: 0.051 | N47: 0.051 | O47: 0.051 | P47: 0.051 | Q47: 0.051 | R47: 0.051 | S47: 0.051 | T47: 0.051 | U47: 0.051 | V47: 0.051 | W47: 0.051 | X47: 0.051 | Y47: 1000
A48: Poussée (en N) | B48: 0 | C48: 310 | D48: 264 | E48: 230 | F48: 213 | G48: 0 | H48: 0 | I48: 0 | J48: 0 | K48: 0 | L48: 0 | M48: 0 | N48: 0 | O48: 0 | P48: 0 | Q48: 0 | R48: 0 | S48: 0 | T48: 0 | U48: 0 | V48: 0 | W48: 0 | X48: 0 | Y48: 0
A49: I_total_i (en N.s) | B49: =(C48+B48)*(C47-B47)/2 -> 0.155 | C49: =(D48+C48)*(D47-C47)/2 -> 5.453 | D49: =(E48+D48)*(E47-D47)/2 -> 4.94 | E49: =(F48+E48)*(F47-E47)/2 -> 2.215 | F49: =(G48+F48)*(G47-F47)/2 -> 0.1065 | G49: =(H48+G48)*(H47-G47)/2 -> 0 | H49: =(I48+H48)*(I47-H47)/2 -> 0 | I49: =(J48+I48)*(J47-I47)/2 -> 0 | ... X49: =(Y48+X48)*(Y47-X47)/2 -> 0
A51: H2O 2.0L 600g 6bar | B51: =ROW(A51) -> 51 | C51: I_total | D51: =SUM(B54:Y54) -> 18.1235 | E51: ISP | F51: =D51/g/J51 -> 3.079086 | G51: MpropuPlein | H51: 0.7 | I51: M_éjecté | J51: =H51-L51 -> 0.6 | K51: M_burnout | L51: 0.1 | M51: XpropuPlein | N51: =0.3*R51 -> 90 | O51: XpropuVide | P51: 150 | Q51: Longueur | R51: 300 | S51: Diamètre | T51: 98 | U51: Type | V51: H2O
A52: Temps (en s) | B52: 0 | C52: 0.001 | D52: 0.02 | E52: 0.04 | F52: 0.06 | G52: 0.08 | H52: 0.081 | I52: 0.081 | J52: 0.081 | K52: 0.081 | L52: 0.081 | M52: 0.081 | N52: 0.081 | O52: 0.081 | P52: 0.081 | Q52: 0.081 | R52: 0.081 | S52: 0.081 | T52: 0.081 | U52: 0.081 | V52: 0.081 | W52: 0.081 | X52: 0.081 | Y52: 1000
A53: Poussée (en N) | B53: 0 | C53: 310 | D53: 260 | E53: 220 | F53: 190 | G53: 167 | H53: 0 | I53: 0 | J53: 0 | K53: 0 | L53: 0 | M53: 0 | N53: 0 | O53: 0 | P53: 0 | Q53: 0 | R53: 0 | S53: 0 | T53: 0 | U53: 0 | V53: 0 | W53: 0 | X53: 0 | Y53: 0
A54: I_total_i (en N.s) | B54: =(C53+B53)*(C52-B52)/2 -> 0.155 | C54: =(D53+C53)*(D52-C52)/2 -> 5.415 | D54: =(E53+D53)*(E52-D52)/2 -> 4.8 | E54: =(F53+E53)*(F52-E52)/2 -> 4.1 | F54: =(G53+F53)*(G52-F52)/2 -> 3.57 | G54: =(H53+G53)*(H52-G52)/2 -> 0.0835 | H54: =(I53+H53)*(I52-H52)/2 -> 0 | I54: =(J53+I53)*(J52-I52)/2 -> 0 | ... X54: =(Y53+X53)*(Y52-X52)/2 -> 0
A56: H2O 2.0L 800g 6bar | B56: =ROW(A56) -> 56 | C56: I_total | D56: =SUM(B59:Y59) -> 22.61 | E56: ISP | F56: =D56/g/J56 -> 2.8809888 | G56: MpropuPlein | H56: 0.9 | I56: M_éjecté | J56: =H56-L56 -> 0.8 | K56: M_burnout | L56: 0.1 | M56: XpropuPlein | N56: =0.4*R56 -> 120 | O56: XpropuVide | P56: 150 | Q56: Longueur | R56: 300 | S56: Diamètre | T56: 98 | U56: Type | V56: H2O
A57: Temps (en s) | B57: 0 | C57: 0.001 | D57: 0.02 | E57: 0.04 | F57: 0.06 | G57: 0.08 | H57: 0.1 | I57: 0.117 | J57: 0.118 | K57: 0.118 | L57: 0.118 | M57: 0.118 | N57: 0.118 | O57: 0.118 | P57: 0.118 | Q57: 0.118 | R57: 0.118 | S57: 0.118 | T57: 0.118 | U57: 0.118 | V57: 0.118 | W57: 0.118 | X57: 0.118 | Y57: 1000
A58: Poussée (en N) | B58: 0 | C58: 310 | D58: 250 | E58: 210 | F58: 180 | G58: 156 | H58: 140 | I58: 125 | J58: 0 | K58: 0 | L58: 0 | M58: 0 | N58: 0 | O58: 0 | P58: 0 | Q58: 0 | R58: 0 | S58: 0 | T58: 0 | U58: 0 | V58: 0 | W58: 0 | X58: 0 | Y58: 0
A59: I_total_i (en N.s) | B59: =(C58+B58)*(C57-B57)/2 -> 0.155 | C59: =(D58+C58)*(D57-C57)/2 -> 5.32 | D59: =(E58+D58)*(E57-D57)/2 -> 4.6 | E59: =(F58+E58)*(F57-E57)/2 -> 3.9 | F59: =(G58+F58)*(G57-F57)/2 -> 3.36 | G59: =(H58+G58)*(H57-G57)/2 -> 2.96 | H59: =(I58+H58)*(I57-H57)/2 -> 2.2525 | I59: =(J58+I58)*(J57-I57)/2 -> 0.0625 | ... X59: =(Y58+X58)*(Y57-X57)/2 -> 0
A61: H2O 2.0L 1000g 6bar | B61: =ROW(A61) -> 61 | C61: I_total | D61: =SUM(B64:Y64) -> 25.874 | E61: ISP | F61: =D61/g/J61 -> 2.6375127 | G61: MpropuPlein | H61: 1.1 | I61: M_éjecté | J61: =H61-L61 -> 1 | K61: M_burnout | L61: 0.1 | M61: XpropuPlein | N61: =0.5*R61 -> 150 | O61: XpropuVide | P61: 150 | Q61: Longueur | R61: 300 | S61: Diamètre | T61: 98 | U61: Type | V61: H2O
A62: Temps (en s) | B62: 0 | C62: 0.001 | D62: 0.02 | E62: 0.04 | F62: 0.06 | G62: 0.08 | H62: 0.1 | I62: 0.12 | J62: 0.14 | K62: 0.164 | L62: 0.165 | M62: 0.165 | N62: 0.165 | O62: 0.165 | P62: 0.165 | Q62: 0.165 | R62: 0.165 | S62: 0.165 | T62: 0.165 | U62: 0.165 | V62: 0.165 | W62: 0.165 | X62: 0.165 | Y62: 1000
A63: Poussée (en N) | B63: 0 | C63: 310 | D63: 245 | E63: 200 | F63: 165 | G63: 143 | H63: 124 | I63: 108 | J63: 97 | K63: 85 | L63: 0 | M63: 0 | N63: 0 | O63: 0 | P63: 0 | Q63: 0 | R63: 0 | S63: 0 | T63: 0 | U63: 0 | V63: 0 | W63: 0 | X63: 0 | Y63: 0
A64: I_total_i (en N.s) | B64: =(C63+B63)*(C62-B62)/2 -> 0.155 | C64: =(D63+C63)*(D62-C62)/2 -> 5.2725 | D64: =(E63+D63)*(E62-D62)/2 -> 4.45 | E64: =(F63+E63)*(F62-E62)/2 -> 3.65 | F64: =(G63+F63)*(G62-F62)/2 -> 3.08 | G64: =(H63+G63)*(H62-G62)/2 -> 2.67 | H64: =(I63+H63)*(I62-H62)/2 -> 2.32 | I64: =(J63+I63)*(J62-I62)/2 -> 2.05 | ... X64: =(Y63+X63)*(Y62-X62)/2 -> 0
A66: µ-propu
A67: µ-propu A8-3 | B67: =ROW(A67) -> 67 | C67: I_total | D67: =SUM(B70:Y70) -> 2.65 | E67: ISP | F67: =D67/g/J67 -> 54.026504 | G67: MpropuPlein | H67: 0.015 | I67: M_éjecté | J67: =H67-L67 -> 0.005 | K67: M_burnout | L67: 0.01 | M67: XpropuPlein | N67: 30 | O67: XpropuVide | P67: 30 | Q67: Longueur | R67: 70 | S67: Diamètre | T67: 15 | U67: Type | V67: Micro | W67: Combustion | X67: 0.32 | Y67: Dépotage | Z67: 3
A68: Temps (en s) | B68: 0 | C68: 0.2 | D68: 0.3 | E68: 0.4 | F68: 0.5 | G68: 0.55 | H68: 0.6 | I68: 0.6 | J68: 0.6 | K68: 0.6 | L68: 0.6 | M68: 0.6 | N68: 0.6 | O68: 0.6 | P68: 0.6 | Q68: 0.6 | R68: 0.6 | S68: 0.6 | T68: 0.6 | U68: 0.6 | V68: 0.6 | W68: 0.6 | X68: 0.6 | Y68: 1000
A69: Poussée (en N) | B69: 0 | C69: 9 | D69: 4.5 | E69: 4 | F69: 4 | G69: 3 | H69: 0 | I69: 0 | J69: 0 | K69: 0 | L69: 0 | M69: 0 | N69: 0 | O69: 0 | P69: 0 | Q69: 0 | R69: 0 | S69: 0 | T69: 0 | U69: 0 | V69: 0 | W69: 0 | X69: 0 | Y69: 0
A70: I_total_i (en N.s) | B70: =(C69+B69)*(C68-B68)/2 -> 0.9 | C70: =(D69+C69)*(D68-C68)/2 -> 0.675 | D70: =(E69+D69)*(E68-D68)/2 -> 0.425 | E70: =(F69+E69)*(F68-E68)/2 -> 0.4 | F70: =(G69+F69)*(G68-F68)/2 -> 0.175 | G70: =(H69+G69)*(H68-G68)/2 -> 0.075 | H70: =(I69+H69)*(I68-H68)/2 -> 0 | I70: =(J69+I69)*(J68-I68)/2 -> 0 | ... X70: =(Y69+X69)*(Y68-X68)/2 -> 0
A72: µ-propu B4-4 | B72: =ROW(A72) -> 72 | C72: I_total | D72: =SUM(B75:Y75) -> 5.25 | E72: ISP | F72: =D72/g/J72 -> 89.194699 | G72: MpropuPlein | H72: 0.02 | I72: M_éjecté | J72: =H72-L72 -> 0.006 | K72: M_burnout | L72: 0.014 | M72: XpropuPlein | N72: 30 | O72: XpropuVide | P72: 30 | Q72: Longueur | R72: 70 | S72: Diamètre | T72: 15 | U72: Type | V72: Micro | W72: Combustion | X72: 1.2 | Y72: Dépotage | Z72: 4
A73: Temps (en s) | B73: 0 | C73: 0.2 | D73: 0.3 | E73: 0.55 | F73: 1.05 | G73: 1.15 | H73: 1.15 | I73: 1.15 | J73: 1.15 | K73: 1.15 | L73: 1.15 | M73: 1.15 | N73: 1.15 | O73: 1.15 | P73: 1.15 | Q73: 1.15 | R73: 1.15 | S73: 1.15 | T73: 1.15 | U73: 1.15 | V73: 1.15 | W73: 1.15 | X73: 1.15 | Y73: 1000
A74: Poussée (en N) | B74: 0 | C74: 10 | D74: 6 | E74: 4 | F74: 4 | G74: 0 | H74: 0 | I74: 0 | J74: 0 | K74: 0 | L74: 0 | M74: 0 | N74: 0 | O74: 0 | P74: 0 | Q74: 0 | R74: 0 | S74: 0 | T74: 0 | U74: 0 | V74: 0 | W74: 0 | X74: 0 | Y74: 0
A75: I_total_i (en N.s) | B75: =(C74+B74)*(C73-B73)/2 -> 1 | C75: =(D74+C74)*(D73-C73)/2 -> 0.8 | D75: =(E74+D74)*(E73-D73)/2 -> 1.25 | E75: =(F74+E74)*(F73-E73)/2 -> 2 | F75: =(G74+F74)*(G73-F73)/2 -> 0.2 | G75: =(H74+G74)*(H73-G73)/2 -> 0 | H75: =(I74+H74)*(I73-H73)/2 -> 0 | I75: =(J74+I74)*(J73-I73)/2 -> 0 | ... X75: =(Y74+X74)*(Y73-X73)/2 -> 0
A77: µ-propu C6-3 | B77: =ROW(A77) -> 77 | C77: I_total | D77: =SUM(B80:Y80) -> 10.26 | E77: ISP | F77: =D77/g/J77 -> 80.451658 | G77: MpropuPlein | H77: 0.024 | I77: M_éjecté | J77: =H77-L77 -> 0.013 | K77: M_burnout | L77: 0.011 | M77: XpropuPlein | N77: 30 | O77: XpropuVide | P77: 30 | Q77: Longueur | R77: 70 | S77: Diamètre | T77: 15 | U77: Type | V77: Micro | W77: Combustion | X77: 1.7 | Y77: Dépotage | Z77: 3
A78: Temps (en s) | B78: 0 | C78: 0.2 | D78: 0.3 | E78: 0.6 | F78: 0.8 | G78: 2 | H78: 2.1 | I78: 2.1 | J78: 2.1 | K78: 2.1 | L78: 2.1 | M78: 2.1 | N78: 2.1 | O78: 2.1 | P78: 2.1 | Q78: 2.1 | R78: 2.1 | S78: 2.1 | T78: 2.1 | U78: 2.1 | V78: 2.1 | W78: 2.1 | X78: 2.1 | Y78: 1000
A79: Poussée (en N) | B79: 0 | C79: 11 | D79: 7 | E79: 4 | F79: 4.6 | G79: 4.6 | H79: 0 | I79: 0 | J79: 0 | K79: 0 | L79: 0 | M79: 0 | N79: 0 | O79: 0 | P79: 0 | Q79: 0 | R79: 0 | S79: 0 | T79: 0 | U79: 0 | V79: 0 | W79: 0 | X79: 0 | Y79: 0
A80: I_total_i (en N.s) | B80: =(C79+B79)*(C78-B78)/2 -> 1.1 | C80: =(D79+C79)*(D78-C78)/2 -> 0.9 | D80: =(E79+D79)*(E78-D78)/2 -> 1.65 | E80: =(F79+E79)*(F78-E78)/2 -> 0.86 | F80: =(G79+F79)*(G78-F78)/2 -> 5.52 | G80: =(H79+G79)*(H78-G78)/2 -> 0.23 | H80: =(I79+H79)*(I78-H78)/2 -> 0 | I80: =(J79+I79)*(J78-I78)/2 -> 0 | ... X80: =(Y79+X79)*(Y78-X78)/2 -> 0
A82: µ-propu C6-3 x2 | B82: =ROW(A82) -> 82 | C82: I_total | D82: =SUM(B85:Y85) -> 20.52 | E82: ISP | F82: =D82/g/J82 -> 80.451658 | G82: MpropuPlein | H82: =H77*2 -> 0.048 | I82: M_éjecté | J82: =H82-L82 -> 0.026 | K82: M_burnout | L82: =L77*2 -> 0.022 | M82: XpropuPlein | N82: 30 | O82: XpropuVide | P82: 30 | Q82: Longueur | R82: 70 | S82: Diamètre | T82: 30 | U82: Type | V82: Micro | W82: Combustion | X82: 1.7 | Y82: Dépotage | Z82: 3
A83: Temps (en s) | B83: 0 | C83: 0.2 | D83: 0.3 | E83: 0.6 | F83: 0.8 | G83: 2 | H83: 2.1 | I83: 2.1 | J83: 2.1 | K83: 2.1 | L83: 2.1 | M83: 2.1 | N83: 2.1 | O83: 2.1 | P83: 2.1 | Q83: 2.1 | R83: 2.1 | S83: 2.1 | T83: 2.1 | U83: 2.1 | V83: 2.1 | W83: 2.1 | X83: 2.1 | Y83: 1000
A84: Poussée (en N) | B84: =B79*2 -> 0 | C84: =C79*2 -> 22 | D84: =D79*2 -> 14 | E84: =E79*2 -> 8 | F84: =F79*2 -> 9.2 | G84: =G79*2 -> 9.2 | H84: =H79*2 -> 0 | I84: =I79*2 -> 0 | ... X84: =X79*2 -> 0 | Y84: 0
A85: I_total_i (en N.s) | B85: =(C84+B84)*(C83-B83)/2 -> 2.2 | C85: =(D84+C84)*(D83-C83)/2 -> 1.8 | D85: =(E84+D84)*(E83-D83)/2 -> 3.3 | E85: =(F84+E84)*(F83-E83)/2 -> 1.72 | F85: =(G84+F84)*(G83-F83)/2 -> 11.04 | G85: =(H84+G84)*(H83-G83)/2 -> 0.46 | H85: =(I84+H84)*(I83-H83)/2 -> 0 | I85: =(J84+I84)*(J83-I83)/2 -> 0 | ... X85: =(Y84+X84)*(Y83-X83)/2 -> 0
A87: µ-propu C6-3 x3 | B87: =ROW(A87) -> 87 | C87: I_total | D87: =SUM(B90:Y90) -> 30.78 | E87: ISP | F87: =D87/g/J87 -> 80.451658 | G87: MpropuPlein | H87: =H77*3 -> 0.072 | I87: M_éjecté | J87: =H87-L87 -> 0.039 | K87: M_burnout | L87: =L77*3 -> 0.033 | M87: XpropuPlein | N87: 30 | O87: XpropuVide | P87: 30 | Q87: Longueur | R87: 70 | S87: Diamètre | T87: 40 | U87: Type | V87: Micro | W87: Combustion | X87: 1.7 | Y87: Dépotage | Z87: 3
A88: Temps (en s) | B88: 0 | C88: 0.2 | D88: 0.3 | E88: 0.6 | F88: 0.8 | G88: 2 | H88: 2.1 | I88: 2.1 | J88: 2.1 | K88: 2.1 | L88: 2.1 | M88: 2.1 | N88: 2.1 | O88: 2.1 | P88: 2.1 | Q88: 2.1 | R88: 2.1 | S88: 2.1 | T88: 2.1 | U88: 2.1 | V88: 2.1 | W88: 2.1 | X88: 2.1 | Y88: 1000
A89: Poussée (en N) | B89: =B79*3 -> 0 | C89: =C79*3 -> 33 | D89: =D79*3 -> 21 | E89: =E79*3 -> 12 | F89: =F79*3 -> 13.8 | G89: =G79*3 -> 13.8 | H89: =H79*3 -> 0 | I89: =I79*3 -> 0 | ... X89: =X79*3 -> 0 | Y89: 0
A90: I_total_i (en N.s) | B90: =(C89+B89)*(C88-B88)/2 -> 3.3 | C90: =(D89+C89)*(D88-C88)/2 -> 2.7 | D90: =(E89+D89)*(E88-D88)/2 -> 4.95 | E90: =(F89+E89)*(F88-E88)/2 -> 2.58 | F90: =(G89+F89)*(G88-F88)/2 -> 16.56 | G90: =(H89+G89)*(H88-G88)/2 -> 0.69 | H90: =(I89+H89)*(I88-H88)/2 -> 0 | I90: =(J89+I89)*(J88-I88)/2 -> 0 | ... X90: =(Y89+X89)*(Y88-X88)/2 -> 0
A92: Klima D9-7 | B92: =ROW(A92) -> 92 | C92: I_total | D92: =SUM(B95:Y95) -> 19.961989 | E92: ISP | F92: =D92/g/J92 -> 118.30589 | G92: MpropuPlein | H92: 0.0282 | I92: M_éjecté | J92: =H92-L92 -> 0.0172 | K92: M_burnout | L92: 0.011 | M92: XpropuPlein | N92: 30 | O92: XpropuVide | P92: 30 | Q92: Longueur | R92: 70 | S92: Diamètre | T92: 18 | U92: Type | V92: MiniN | W92: Combustion | X92: 2.1 | Y92: Dépotage | Z92: 7
A93: Temps (en s) | B93: 0 | C93: 0.04 | D93: 0.116 | E93: 0.213 | F93: 0.286 | G93: 0.329 | H93: 0.369 | I93: 0.42 | J93: 0.495 | K93: 0.597 | L93: 1.711 | M93: 1.826 | N93: 1.917 | O93: 1.975 | P93: 2.206 | Q93: 2.242 | R93: 2.5 | S93: 2.5 | T93: 2.5 | U93: 2.5 | V93: 2.5 | W93: 2.5 | X93: 2.5 | Y93: 1000
A94: Poussée (en N) | B94: 0 | C94: 2.111 | D94: 9.685 | E94: 25 | F94: 15.738 | G94: 12.472 | H94: 10.67 | I94: 9.713 | J94: 9.178 | K94: 8.896 | L94: 8.925 | M94: 8.699 | N94: 8.052 | O94: 6.954 | P94: 1.07 | Q94: 0 | R94: 0 | S94: 0 | T94: 0 | U94: 0 | V94: 0 | W94: 0 | X94: 0 | Y94: 0
A95: I_total_i (en N.s) | B95: =(C94+B94)*(C93-B93)/2 -> 0.04222 | C95: =(D94+C94)*(D93-C93)/2 -> 0.448248 | D95: =(E94+D94)*(E93-D93)/2 -> 1.6822225 | E95: =(F94+E94)*(F93-E93)/2 -> 1.486937 | F95: =(G94+F94)*(G93-F93)/2 -> 0.606515 | G95: =(H94+G94)*(H93-G93)/2 -> 0.46284 | H95: =(I94+H94)*(I93-H93)/2 -> 0.5197665 | I95: =(J94+I94)*(J93-I93)/2 -> 0.7084125 | ... X95: =(Y94+X94)*(Y93-X93)/2 -> 0
A97: Klima D9-7 x2 | B97: =ROW(A97) -> 97 | C97: I_total | D97: =SUM(B100:Y100) -> 39.923978 | E97: ISP | F97: =D97/g/J97 -> 118.30589 | G97: MpropuPlein | H97: =H92*2 -> 0.0564 | I97: M_éjecté | J97: =H97-L97 -> 0.0344 | K97: M_burnout | L97: =L92*2 -> 0.022 | M97: XpropuPlein | N97: 30 | O97: XpropuVide | P97: 30 | Q97: Longueur | R97: 70 | S97: Diamètre | T97: 30 | U97: Type | V97: MiniN | W97: Combustion | X97: 2.1 | Y97: Dépotage | Z97: 7
A98: Temps (en s) | B98: 0 | C98: =C93 -> 0.04 | D98: =D93 -> 0.116 | E98: =E93 -> 0.213 | F98: =F93 -> 0.286 | G98: =G93 -> 0.329 | H98: =H93 -> 0.369 | I98: =I93 -> 0.42 | J98: =J93 -> 0.495 | ... X98: =X93 -> 2.5 | Y98: 1000
A99: Poussée (en N) | B99: =B94*2 -> 0 | C99: =C94*2 -> 4.222 | D99: =D94*2 -> 19.37 | E99: =E94*2 -> 50 | F99: =F94*2 -> 31.476 | G99: =G94*2 -> 24.944 | H99: =H94*2 -> 21.34 | I99: =I94*2 -> 19.426 | ... X99: =X94*2 -> 0 | Y99: 0
A100: I_total_i (en N.s) | B100: =(C99+B99)*(C98-B98)/2 -> 0.08444 | C100: =(D99+C99)*(D98-C98)/2 -> 0.896496 | D100: =(E99+D99)*(E98-D98)/2 -> 3.364445 | E100: =(F99+E99)*(F98-E98)/2 -> 2.973874 | F100: =(G99+F99)*(G98-F98)/2 -> 1.21303 | G100: =(H99+G99)*(H98-G98)/2 -> 0.92568 | H100: =(I99+H99)*(I98-H98)/2 -> 1.039533 | I100: =(J99+I99)*(J98-I98)/2 -> 1.416825 | ... X100: =(Y99+X99)*(Y98-X98)/2 -> 0
A102: Klima D9-7 x3 | B102: =ROW(A102) -> 102 | C102: I_total | D102: =SUM(B105:Y105) -> 59.885967 | E102: ISP | F102: =D102/g/J102 -> 118.30589 | G102: MpropuPlein | H102: =H92*3 -> 0.0846 | I102: M_éjecté | J102: =H102-L102 -> 0.0516 | K102: M_burnout | L102: =L92*3 -> 0.033 | M102: XpropuPlein | N102: 30 | O102: XpropuVide | P102: 30 | Q102: Longueur | R102: 70 | S102: Diamètre | T102: 40 | U102: Type | V102: MiniN | W102: Combustion | X102: 2.1 | Y102: Dépotage | Z102: 7
A103: Temps (en s) | B103: 0 | C103: =C93 -> 0.04 | D103: =D93 -> 0.116 | E103: =E93 -> 0.213 | F103: =F93 -> 0.286 | G103: =G93 -> 0.329 | H103: =H93 -> 0.369 | I103: =I93 -> 0.42 | J103: =J93 -> 0.495 | ... X103: =X93 -> 2.5 | Y103: 1000
A104: Poussée (en N) | B104: =B94*3 -> 0 | C104: =C94*3 -> 6.333 | D104: =D94*3 -> 29.055 | E104: =E94*3 -> 75 | F104: =F94*3 -> 47.214 | G104: =G94*3 -> 37.416 | H104: =H94*3 -> 32.01 | I104: =I94*3 -> 29.139 | ... X104: =X94*3 -> 0 | Y104: 0
A105: I_total_i (en N.s) | B105: =(C104+B104)*(C103-B103)/2 -> 0.12666 | C105: =(D104+C104)*(D103-C103)/2 -> 1.344744 | D105: =(E104+D104)*(E103-D103)/2 -> 5.0466675 | E105: =(F104+E104)*(F103-E103)/2 -> 4.460811 | F105: =(G104+F104)*(G103-F103)/2 -> 1.819545 | G105: =(H104+G104)*(H103-G103)/2 -> 1.38852 | H105: =(I104+H104)*(I103-H103)/2 -> 1.5592995 | I105: =(J104+I104)*(J103-I103)/2 -> 2.1252375 | ... X105: =(Y104+X104)*(Y103-X103)/2 -> 0
A107: MINIF PRO24-1G
A108: p24-1G 24E22 | B108: =ROW(A108) -> 108 | C108: I_total | D108: =SUM(B111:Y111) -> 24.269519 | E108: ISP | F108: =D108/g/J108 -> 154.62232 | G108: MpropuPlein | H108: 0.052 | I108: M_éjecté | J108: =H108-L108 -> 0.016 | K108: M_burnout | L108: 0.036 | M108: XpropuPlein | N108: 35 | O108: XpropuVide | P108: 35 | Q108: Longueur | R108: 69 | S108: Diamètre | T108: 24 | U108: Type | V108: MiniR | W108: Combustion | X108: 1 | Y108: Dépotage | Z108: 13
A109: Temps (en s) | B109: 0 | C109: 0.008 | D109: 0.026 | E109: 0.038 | F109: 0.067 | G109: 0.101 | H109: 0.33 | I109: 0.528 | J109: 0.716 | K109: 0.841 | L109: 0.912 | M109: 0.987 | N109: 1.016 | O109: 1.065 | P109: 1.087 | Q109: 2 | R109: 2 | S109: 2 | T109: 2 | U109: 2 | V109: 2 | W109: 2 | X109: 2 | Y109: 1000
A110: Poussée (en N) | B110: 0 | C110: 18.292 | D110: 30 | E110: 30.792 | F110: 18.708 | G110: 21.875 | H110: 26.083 | I110: 28.042 | J110: 27.875 | K110: 23.542 | L110: 17.833 | M110: 7 | N110: 3.333 | O110: 1.083 | P110: 0 | Q110: 0 | R110: 0 | S110: 0 | T110: =S110 -> 0 | U110: =T110 -> 0 | V110: =U110 -> 0 | W110: =V110 -> 0 | X110: =W110 -> 0 | Y110: 0
A111: I_total_i (en N.s) | B111: =(C110+B110)*(C109-B109)/2 -> 0.073168 | C111: =(D110+C110)*(D109-C109)/2 -> 0.434628 | D111: =(E110+D110)*(E109-D109)/2 -> 0.364752 | E111: =(F110+E110)*(F109-E109)/2 -> 0.71775 | F111: =(G110+F110)*(G109-F109)/2 -> 0.689911 | G111: =(H110+G110)*(H109-G109)/2 -> 5.491191 | H111: =(I110+H110)*(I109-H109)/2 -> 5.358375 | I111: =(J110+I110)*(J109-I109)/2 -> 5.256198 | ... X111: =(Y110+X110)*(Y109-X109)/2 -> 0
A113: p24-1G 25E75 (Rufina) | B113: =ROW(A113) -> 113 | C113: I_total | D113: =SUM(B116:Y116) -> 24.488898 | E113: ISP | F113: =D113/g/J113 -> 121.7717 | G113: MpropuPlein | H113: 0.0565 | I113: M_éjecté | J113: =H113-L113 -> 0.0205 | K113: M_burnout | L113: 0.036 | M113: XpropuPlein | N113: 35 | O113: XpropuVide | P113: 35 | Q113: Longueur | R113: 69 | S113: Diamètre | T113: 24 | U113: Type | V113: MiniRN | W113: Combustion | X113: 0.33 | Y113: Dépotage | Z113: 17
A114: Temps (en s) | B114: 0 | C114: 0.009 | D114: 0.012 | E114: 0.023 | F114: 0.027 | G114: 0.047 | H114: 0.092 | I114: 0.118 | J114: 0.141 | K114: 0.192 | L114: 0.222 | M114: 0.25 | N114: 0.26 | O114: 0.281 | P114: 0.287 | Q114: 0.306 | R114: 0.314 | S114: 0.326 | T114: 0.329 | U114: 0.5 | V114: 1 | W114: 2 | X114: 2 | Y114: 1000
A115: Poussée (en N) | B115: 0 | C115: 84.213 | D115: 95.099 | E115: 77.08 | F115: 68.697 | G115: 73.452 | H115: 81.835 | I115: 83.837 | J115: 86.465 | K115: 86.966 | L115: 85.339 | M115: 80.083 | N115: 78.332 | O115: 82.961 | P115: 78.206 | Q115: 24.776 | R115: 14.14 | S115: 8.509 | T115: 0 | U115: =T115 -> 0 | V115: =U115 -> 0 | W115: =V115 -> 0 | X115: =W115 -> 0 | Y115: 0
A116: I_total_i (en N.s) | B116: =(C115+B115)*(C114-B114)/2 -> 0.3789585 | C116: =(D115+C115)*(D114-C114)/2 -> 0.268968 | D116: =(E115+D115)*(E114-D114)/2 -> 0.9469845 | E116: =(F115+E115)*(F114-E114)/2 -> 0.291554 | F116: =(G115+F115)*(G114-F114)/2 -> 1.42149 | G116: =(H115+G115)*(H114-G114)/2 -> 3.4939575 | H116: =(I115+H115)*(I114-H114)/2 -> 2.153736 | I116: =(J115+I115)*(J114-I114)/2 -> 1.958473 | ... X116: =(Y115+X115)*(Y114-X114)/2 -> 0
A118: p24-1G 26E31 | B118: =ROW(A118) -> 118 | C118: I_total | D118: =SUM(B121:Y121) -> 26.083983 | E118: ISP | F118: =D118/g/J118 -> 166.18236 | G118: MpropuPlein | H118: 0.052 | I118: M_éjecté | J118: =H118-L118 -> 0.016 | K118: M_burnout | L118: 0.036 | M118: XpropuPlein | N118: 35 | O118: XpropuVide | P118: 35 | Q118: Longueur | R118: 69 | S118: Diamètre | T118: 24 | U118: Type | V118: MiniR | W118: Combustion | X118: 0.85 | Y118: Dépotage | Z118: 15
A119: Temps (en s) | B119: 0 | C119: 0.02 | D119: 0.027 | E119: 0.049 | F119: 0.113 | G119: 0.193 | H119: 0.282 | I119: 0.5 | J119: 0.727 | K119: 0.771 | L119: 0.807 | M119: 0.84 | N119: 0.87 | O119: 1 | P119: 1 | Q119: 1 | R119: 1 | S119: 1 | T119: 1 | U119: 1 | V119: 1 | W119: 1 | X119: 2 | Y119: 1000
A120: Poussée (en N) | B120: 0 | C120: 43.824 | D120: 39.964 | E120: 26.781 | F120: 32.601 | G120: 34.739 | H120: 35.808 | I120: 34.442 | J120: 29.276 | K120: 22.743 | L120: 9.561 | M120: 3.563 | N120: 0 | O120: 0 | P120: 0 | Q120: 0 | R120: 0 | S120: 0 | T120: =S120 -> 0 | U120: =T120 -> 0 | V120: =U120 -> 0 | W120: =V120 -> 0 | X120: =W120 -> 0 | Y120: 0
A121: I_total_i (en N.s) | B121: =(C120+B120)*(C119-B119)/2 -> 0.43824 | C121: =(D120+C120)*(D119-C119)/2 -> 0.293258 | D121: =(E120+D120)*(E119-D119)/2 -> 0.734195 | E121: =(F120+E120)*(F119-E119)/2 -> 1.900224 | F121: =(G120+F120)*(G119-F119)/2 -> 2.6936 | G121: =(H120+G120)*(H119-G119)/2 -> 3.1393415 | H121: =(I120+H120)*(I119-H119)/2 -> 7.65725 | I121: =(J120+I120)*(J119-I119)/2 -> 7.231993 | ... X121: =(Y120+X120)*(Y119-X119)/2 -> 0
A122: MINIF PRO24-2G
A123: p24-2G 50E51 | B123: =ROW(A123) -> 123 | C123: I_total | D123: =SUM(B126:Y126) -> 49.788765 | E123: ISP | F123: 231 | G123: MpropuPlein | H123: 0.073 | I123: M_éjecté | J123: =H123-L123 -> 0.028 | K123: M_burnout | L123: 0.045 | M123: XpropuPlein | N123: 50 | O123: XpropuVide | P123: 50 | Q123: Longueur | R123: 101 | S123: Diamètre | T123: 24 | U123: Type | V123: Mini | W123: Combustion | X123: 1 | Y123: Dépotage | Z123: 13
A124: Temps (en s) | B124: 0 | C124: 0.001 | D124: 0.027 | E124: 0.051 | F124: 0.06 | G124: 0.092 | H124: 0.119 | I124: 0.17 | J124: 0.3 | K124: 0.462 | L124: 0.569 | M124: 0.675 | N124: 0.778 | O124: 0.846 | P124: 0.917 | Q124: 1.009 | R124: 1.032 | S124: 1.045 | T124: 2 | U124: 2 | V124: 2 | W124: 2 | X124: 2 | Y124: 1000
A125: Poussée (en N) | B125: 0 | C125: 5.145 | D125: 67.976 | E125: 53.807 | F125: 52.88 | G125: 55.916 | H125: 57.94 | I125: 59.711 | J125: 61.145 | K125: 58.952 | L125: 55.578 | M125: 52.205 | N125: 46.386 | O125: 38.12 | P125: 20.325 | Q125: 3.542 | R125: 1.602 | S125: 0 | T125: =S125 -> 0 | U125: =T125 -> 0 | V125: =U125 -> 0 | W125: =V125 -> 0 | X125: =W125 -> 0 | Y125: 0
A126: I_total_i (en N.s) | B126: =(C125+B125)*(C124-B124)/2 -> 0.0025725 | C126: =(D125+C125)*(D124-C124)/2 -> 0.950573 | D126: =(E125+D125)*(E124-D124)/2 -> 1.461396 | E126: =(F125+E125)*(F124-E124)/2 -> 0.4800915 | F126: =(G125+F125)*(G124-F124)/2 -> 1.740736 | G126: =(H125+G125)*(H124-G124)/2 -> 1.537056 | H126: =(I125+H125)*(I124-H124)/2 -> 3.0001005 | I126: =(J125+I125)*(J124-I124)/2 -> 7.85564 | ... X126: =(Y125+X125)*(Y124-X124)/2 -> 0
A128: p24-1G 53E70 | B128: =ROW(A128) -> 128 | C128: I_total | D128: =SUM(B131:Y131) -> 52.815674 | E128: ISP | F128: 239 | G128: MpropuPlein | H128: 0.073 | I128: M_éjecté | J128: =H128-L128 -> 0.029 | K128: M_burnout | L128: 0.044 | M128: XpropuPlein | N128: 50 | O128: XpropuVide | P128: 50 | Q128: Longueur | R128: 101 | S128: Diamètre | T128: 24 | U128: Type | V128: Mini | W128: Combustion | X128: 0.77 | Y128: Dépotage | Z128: 14
A129: Temps (en s) | B129: 0 | C129: 0.001 | D129: 0.013 | E129: 0.023 | F129: 0.052 | G129: 0.1 | H129: 0.379 | I129: 0.641 | J129: 0.665 | K129: 0.706 | L129: 0.744 | M129: 0.787 | N129: 0.816 | O129: 1 | P129: 1 | Q129: 1 | R129: 1 | S129: 1 | T129: 1 | U129: 1 | V129: 1 | W129: 2 | X129: 2 | Y129: 1000
A130: Poussée (en N) | B130: 0 | C130: 8.303 | D130: 85.68 | E130: 96.149 | F130: 78.821 | G130: 83.634 | H130: 77.858 | I130: 62.575 | J130: 55.716 | K130: 23.947 | L130: 9.146 | M130: 2.768 | N130: 0 | O130: 0 | P130: 0 | Q130: 0 | R130: 0 | S130: 0 | T130: 0 | U130: 0 | V130: =U130 -> 0 | W130: =V130 -> 0 | X130: =W130 -> 0 | Y130: 0
A131: I_total_i (en N.s) | B131: =(C130+B130)*(C129-B129)/2 -> 0.0041515 | C131: =(D130+C130)*(D129-C129)/2 -> 0.563898 | D131: =(E130+D130)*(E129-D129)/2 -> 0.909145 | E131: =(F130+E130)*(F129-E129)/2 -> 2.537065 | F131: =(G130+F130)*(G129-F129)/2 -> 3.89892 | G131: =(H130+G130)*(H129-G129)/2 -> 22.528134 | H131: =(I130+H130)*(I129-H129)/2 -> 18.396723 | I131: =(J130+I130)*(J129-I129)/2 -> 1.419492 | ... X131: =(Y130+X130)*(Y129-X129)/2 -> 0
A132: MINIF PRO29-1G
A133: p29-1G 41F36 | B133: =ROW(A133) -> 133 | C133: I_total | D133: =SUM(B136:Y136) -> 41.835 | E133: ISP | F133: =D133/g/J133 -> 121.8436 | G133: MpropuPlein | H133: 0.104 | I133: M_éjecté | J133: =H133-L133 -> 0.035 | K133: M_burnout | L133: 0.069 | M133: XpropuPlein | N133: 49 | O133: XpropuVide | P133: 49 | Q133: Longueur | R133: 98 | S133: Diamètre | T133: 29 | U133: Type | V133: MiniR | W133: Combustion | X133: 1.07 | Y133: Dépotage | Z133: 11
A134: Temps (en s) | B134: 0 | C134: 0.01 | D134: 0.02 | E134: 0.03 | F134: 0.04 | G134: 0.06 | H134: 0.07 | I134: 0.08 | J134: 0.1 | K134: 0.2 | L134: 0.3 | M134: 0.4 | N134: 0.5 | O134: 0.6 | P134: 0.7 | Q134: 0.8 | R134: 0.85 | S134: 0.92 | T134: 0.95 | U134: 0.99 | V134: 1.05 | W134: 1.05 | X134: 2 | Y134: 1000
A135: Poussée (en N) | B135: 0 | C135: 12 | D135: 46 | E135: 75 | F135: 79 | G135: 77 | H135: 62 | I135: 32 | J135: 35 | K135: 38 | L135: 39 | M135: 41 | N135: 43 | O135: 43 | P135: 43 | Q135: 43 | R135: 47 | S135: 54 | T135: 32 | U135: 8 | V135: 0 | W135: 0 | X135: 0 | Y135: 0
A136: I_total_i (en N.s) | B136: =(C135+B135)*(C134-B134)/2 -> 0.06 | C136: =(D135+C135)*(D134-C134)/2 -> 0.29 | D136: =(E135+D135)*(E134-D134)/2 -> 0.605 | E136: =(F135+E135)*(F134-E134)/2 -> 0.77 | F136: =(G135+F135)*(G134-F134)/2 -> 1.56 | G136: =(H135+G135)*(H134-G134)/2 -> 0.695 | H136: =(I135+H135)*(I134-H134)/2 -> 0.47 | I136: =(J135+I135)*(J134-I134)/2 -> 0.67 | ... X136: =(Y135+X135)*(Y134-X134)/2 -> 0
A138: p29-1G 51F36 | B138: =ROW(A138) -> 138 | C138: I_total | D138: =SUM(B141:Y141) -> 52.565 | E138: ISP | F138: =D138/g/J138 -> 167.44712 | G138: MpropuPlein | H138: 0.101 | I138: M_éjecté | J138: =H138-L138 -> 0.032 | K138: M_burnout | L138: 0.069 | M138: XpropuPlein | N138: 49 | O138: XpropuVide | P138: 49 | Q138: Longueur | R138: 98 | S138: Diamètre | T138: 29 | U138: Type | V138: MiniRN | W138: Combustion | X138: 1.8 | Y138: Dépotage | Z138: 12
A139: Temps (en s) | B139: 0 | C139: 0.01 | D139: 0.03 | E139: 0.04 | F139: 0.05 | G139: 0.06 | H139: 0.07 | I139: 0.08 | J139: 0.09 | K139: 0.1 | L139: 0.2 | M139: 0.3 | N139: 0.4 | O139: 0.5 | P139: 0.7 | Q139: 0.8 | R139: 0.9 | S139: 1 | T139: 1.1 | U139: 1.24 | V139: 1.3 | W139: 1.5 | X139: 2 | Y139: 1000
A140: Poussée (en N) | B140: 0 | C140: 12 | D140: 41 | E140: 42 | F140: 42 | G140: 40 | H140: 34 | I140: 34 | J140: 35 | K140: 36 | L140: 40 | M140: 42 | N140: 43 | O140: 43 | P140: 43 | Q140: 42 | R140: 41 | S140: 40 | T140: 38 | U140: 37 | V140: 12 | W140: 0 | X140: 0 | Y140: 0
...

Sheet Calculs
D1: Dynamique de la fusée (repère sol) | P1: Forces | AC1: Sous-échantillon 1Hz | AG1: Accélération longitudinale
A2: pas | B2: t | D2: acc_x | E2: acc_z | F2: acc_xz | G2: vit_x | H2: vit_z | I2: vit_xz | J2: pos_x | K2: pos_z | L2: pos_xz | M2: Beta | N2: BetaD | P2: i_P | Q2: Poussée | R2: Débit | S2: m | T2: Poids | U2: R_rampe | V2: Rho | W2: Trainée | Y2: Événements | AC2: Temps | AD2: x | AE2: z | AG2: gravitationnelle | AH2: non-gravit.
A3: s | B3: s | D3: m/s² | E3: m/s² | F3: m/s² | G3: m/s | H3: m/s | I3: m/s | J3: m | K3: m | L3: m | M3: rad | N3: ° | P3: - | Q3: N | R3: kg/s | S3: kg | T3: N | U3: N | V3: kg/m3 | W3: N | AC3: s | AD3: m | AE3: m | AG3: m/s² | AH3: m/s²
A4: - | B4: =T_ini -> 3.7 | D4: - | E4: - | F4: - | G4: =vit_xz*COS(Beta) -> 21.687707 | H4: =vit_xz*SIN(Beta) -> 69.383784 | I4: =V_ini -> 72.694334 | J4: =X_ini -> 86.435214 | K4: =Z_ini -> 353.9867 | L4: =SQRT(pos_x^2+pos_z^2) -> 364.38665 | M4: =RADIANS(N4) -> 1.2678422 | N4: =Beta_rampe -> 72.642008 | P4: - | Q4: - | R4: - | S4: =m_tot -> 9.485 | T4: =m*g -> 93.04785 | U4: =IF(pos_xz<L_rampe,Poids*COS(Beta),0) -> 0 | V4: =Rho_moyen*(20000-Alt_rampe-pos_z)/(20000+Alt_rampe+pos_z) -> 1.1823908 | W4: =1/2*Rho*Sref*Cx*vit_xz^2 -> 13.687103 | Y4: - | Z4: - | AA4: - | AC4: =IF(ABS(t-ROUND(t,0))<0.001,t,-1) -> -1 | AD4: =IF(ABS(t-ROUND(t,0))<0.001,pos_x,-1) -> -1 | AE4: =IF(t<T_para, pos_z, NA()) -> 353.9867 | AG4: - | AH4: -
A5: =IF(B4+0.01<=T_ini+ROUNDUP(Temps_fin_propu,0), 0.01, IF(K4>0, 0.1, 0.0001)) -> 0.01 | B5: =B4+pas -> 3.71 | D5: =IF(AND(L4<L_rampe,Poussee<Poids*SIN(M4)),0,(-W4+Poussee)/m*COS(M4)-U4/m*SIN(M4)) -> 2.3784397 | E5: =IF(AND(L4<L_rampe,Poussee<Poids*SIN(M4)),0,(-W4+Poussee)/m*SIN(M4)+U4/m*COS(M4)-Poids/m) -> -2.200844 | F5: =SQRT(acc_x^2+acc_z^2) -> 3.2404767 | G5: =G4+acc_x*pas -> 21.711491 | H5: =H4+acc_z*pas -> 69.361776 | I5: =SQRT(vit_x^2+vit_z^2) -> 72.680429 | J5: =J4+0.5*(vit_x+G4)*pas*(K4>=0) -> 86.65221 | K5: =K4+0.5*(vit_z+H4)*pas -> 354.68043 | L5: =SQRT(pos_x^2+pos_z^2) -> 365.11205 | M5: =IF(AND(L4>L_rampe,G5>0),ATAN2(G5,H5),$M$4) -> 1.2674395 | N5: =DEGREES(Beta) -> 72.618936 | P5: =MATCH(t-pas/2-T_ini,CdP_t) -> 1 | Q5: =(INDEX(CdP,2,i_P+1)-INDEX(CdP,2,i_P+0))/(INDEX(CdP,1,i_P+1)-INDEX(CdP,1,i_P+0))*(t-pas/2-T_ini-INDEX(CdP,1,i_P+0))+INDEX(CdP,2,i_P+0) -> 89.3 | R5: =Poussee/(g*ISP) -> 0.044815509 | S5: =S4-Débit*pas -> 9.4845518 | T5: =m*g -> 93.043454 | U5: =IF(pos_xz<L_rampe,Poids*COS(Beta),0) -> 0 | V5: =Rho_moyen*(20000-Alt_rampe-pos_z)/(20000+Alt_rampe+pos_z) -> 1.1823087 | W5: =1/2*Rho*Sref*Cx*vit_xz^2 -> 13.680918 | Y5: =IF(AND(pos_z<=0,K4>0),"Impact balistique","") & IF(AND(H6<0,vit_z>=0),"Apogée","") & IF(AND(Poussee=0,Q4>0),"Fin de propulsion","") & IF(AND(L6>L_rampe,pos_xz<=L_rampe),"Sortie de rampe","") | Z5: =IF(ABS(t-T_para)<pas/2,"Para","") | AA5: =IF(ABS(t-T_satellite)<pas/2,"Satellite","") | AC5: =IF(ABS(t-ROUND(t,0))<0.001,t,NA()) -> #N/A | AD5: =IF(ABS(t-ROUND(t,0))<0.001,pos_x,NA()) -> #N/A | AE5: =IF(t<T_para, pos_z, NA()) -> 354.68043 | AG5: =IF(AND(L4<L_rampe,Poussee<Poids*SIN(M4)),0,(-W4+Poussee)/m-Poids*SIN(M4)/m) -> -1.3910298 | AH5: =IF(AND(L4<L_rampe,Poussee<Poids*SIN(M4)), g*SIN(M4), (-W4+Poussee)/m) -> 7.9722161
A6: =IF(B5+0.01<=T_ini+ROUNDUP(Temps_fin_propu,0), 0.01, IF(K5>0, 0.1, 0.0001)) -> 0.01 | B6: =B5+pas -> 3.72 | D6: =IF(AND(L5<L_rampe,Poussee<Poids*SIN(M5)),0,(-W5+Poussee)/m*COS(M5)-U5/m*SIN(M5)) -> 8.0080185 | E6: =IF(AND(L5<L_rampe,Poussee<Poids*SIN(M5)),0,(-W5+Poussee)/m*SIN(M5)+U5/m*COS(M5)-Poids/m) -> 15.773244 | F6: =SQRT(acc_x^2+acc_z^2) -> 17.689647 | G6: =G5+acc_x*pas -> 21.791571 | H6: =H5+acc_z*pas -> 69.519508 | I6: =SQRT(vit_x^2+vit_z^2) -> 72.854887 | J6: =J5+0.5*(vit_x+G5)*pas*(K5>=0) -> 86.869726 | K6: =K5+0.5*(vit_z+H5)*pas -> 355.37483 | L6: =SQRT(pos_x^2+pos_z^2) -> 365.83825 | M6: =IF(AND(L5>L_rampe,G6>0),ATAN2(G6,H6),$M$4) -> 1.2670373 | N6: =DEGREES(Beta) -> 72.595889 | P6: =MATCH(t-pas/2-T_ini,CdP_t) -> 1 | Q6: =(INDEX(CdP,2,i_P+1)-INDEX(CdP,2,i_P+0))/(INDEX(CdP,1,i_P+1)-INDEX(CdP,1,i_P+0))*(t-pas/2-T_ini-INDEX(CdP,1,i_P+0))+INDEX(CdP,2,i_P+0) -> 267.9 | R6: =Poussee/(g*ISP) -> 0.13444653 | S6: =S5-Débit*pas -> 9.4832074 | T6: =m*g -> 93.030264 | U6: =IF(pos_xz<L_rampe,Poids*COS(Beta),0) -> 0 | V6: =Rho_moyen*(20000-Alt_rampe-pos_z)/(20000+Alt_rampe+pos_z) -> 1.1822266 | W6: =1/2*Rho*Sref*Cx*vit_xz^2 -> 13.74572 | Y6: =IF(AND(pos_z<=0,K5>0),"Impact balistique","") & IF(AND(H7<0,vit_z>=0),"Apogée","") & IF(AND(Poussee=0,Q5>0),"Fin de propulsion","") & IF(AND(L7>L_rampe,pos_xz<=L_rampe),"Sortie de rampe","") | Z6: =IF(ABS(t-T_para)<pas/2,"Para","") | AA6: =IF(ABS(t-T_satellite)<pas/2,"Satellite","") | AC6: =IF(ABS(t-ROUND(t,0))<0.001,t,NA()) -> #N/A | AD6: =IF(ABS(t-ROUND(t,0))<0.001,pos_x,NA()) -> #N/A | AE6: =IF(t<T_para, pos_z, NA()) -> 355.37483 | AG6: =IF(AND(L5<L_rampe,Poussee<Poids*SIN(M5)),0,(-W5+Poussee)/m-Poids*SIN(M5)/m) -> 17.445223 | AH6: =IF(AND(L5<L_rampe,Poussee<Poids*SIN(M5)), g*SIN(M5), (-W5+Poussee)/m) -> 26.807289
A7: =IF(B6+0.01<=T_ini+ROUNDUP(Temps_fin_propu,0), 0.01, IF(K6>0, 0.1, 0.0001)) -> 0.01 | B7: =B6+pas -> 3.73 | D7: =IF(AND(L6<L_rampe,Poussee<Poids*SIN(M6)),0,(-W6+Poussee)/m*COS(M6)-U6/m*SIN(M6)) -> 13.652702 | E7: =IF(AND(L6<L_rampe,Poussee<Poids*SIN(M6)),0,(-W6+Poussee)/m*SIN(M6)+U6/m*COS(M6)-Poids/m) -> 33.744873 | F7: =SQRT(acc_x^2+acc_z^2) -> 36.402098 | G7: =G6+acc_x*pas -> 21.928098 | H7: =H6+acc_z*pas -> 69.856957 | I7: =SQRT(vit_x^2+vit_z^2) -> 73.21773 | J7: =J6+0.5*(vit_x+G6)*pas*(K6>=0) -> 87.088324 | K7: =K6+0.5*(vit_z+H6)*pas -> 356.07172 | L7: =SQRT(pos_x^2+pos_z^2) -> 366.56711 | M7: =IF(AND(L6>L_rampe,G7>0),ATAN2(G7,H7),$M$4) -> 1.2666365 | N7: =DEGREES(Beta) -> 72.572927 | P7: =MATCH(t-pas/2-T_ini,CdP_t) -> 1 | Q7: =(INDEX(CdP,2,i_P+1)-INDEX(CdP,2,i_P+0))/(INDEX(CdP,1,i_P+1)-INDEX(CdP,1,i_P+0))*(t-pas/2-T_ini-INDEX(CdP,1,i_P+0))+INDEX(CdP,2,i_P+0) -> 446.5 | R7: =Poussee/(g*ISP) -> 0.22407755 | S7: =S6-Débit*pas -> 9.4809666 | T7: =m*g -> 93.008282 | U7: =IF(pos_xz<L_rampe,Poids*COS(Beta),0) -> 0 | V7: =Rho_moyen*(20000-Alt_rampe-pos_z)/(20000+Alt_rampe+pos_z) -> 1.1821442 | W7: =1/2*Rho*Sref*Cx*vit_xz^2 -> 13.88201 | Y7: =IF(AND(pos_z<=0,K6>0),"Impact balistique","") & IF(AND(H8<0,vit_z>=0),"Apogée","") & IF(AND(Poussee=0,Q6>0),"Fin de propulsion","") & IF(AND(L8>L_rampe,pos_xz<=L_rampe),"Sortie de rampe","") | Z7: =IF(ABS(t-T_para)<pas/2,"Para","") | AA7: =IF(ABS(t-T_satellite)<pas/2,"Satellite","") | AC7: =IF(ABS(t-ROUND(t,0))<0.001,t,NA()) -> #N/A | AD7: =IF(ABS(t-ROUND(t,0))<0.001,pos_x,NA()) -> #N/A | AE7: =IF(t<T_para, pos_z, NA()) -> 356.07172 | AG7: =IF(AND(L6<L_rampe,Poussee<Poids*SIN(M6)),0,(-W6+Poussee)/m-Poids*SIN(M6)/m) -> 36.283645 | AH7: =IF(AND(L6<L_rampe,Poussee<Poids*SIN(M6)), g*SIN(M6), (-W6+Poussee)/m) -> 45.644532
A8: =IF(B7+0.01<=T_ini+ROUNDUP(Temps_fin_propu,0), 0.01, IF(K7>0, 0.1, 0.0001)) -> 0.01 | B8: =B7+pas -> 3.74 | D8: =IF(AND(L7<L_rampe,Poussee<Poids*SIN(M7)),0,(-W7+Poussee)/m*COS(M7)-U7/m*SIN(M7)) -> 19.313988 | E8: =IF(AND(L7<L_rampe,Poussee<Poids*SIN(M7)),0,(-W7+Poussee)/m*SIN(M7)+U7/m*COS(M7)-Poids/m) -> 51.719111 | F8: =SQRT(acc_x^2+acc_z^2) -> 55.207758 | G8: =G7+acc_x*pas -> 22.121238 | H8: =H7+acc_z*pas -> 70.374148 | I8: =SQRT(vit_x^2+vit_z^2) -> 73.769031 | J8: =J7+0.5*(vit_x+G7)*pas*(K7>=0) -> 87.308571 | K8: =K7+0.5*(vit_z+H7)*pas -> 356.77287 | L8: =SQRT(pos_x^2+pos_z^2) -> 367.30052 | M8: =IF(AND(L7>L_rampe,G8>0),ATAN2(G8,H8),$M$4) -> 1.2662383 | N8: =DEGREES(Beta) -> 72.550108 | P8: =MATCH(t-pas/2-T_ini,CdP_t) -> 1 | Q8: =(INDEX(CdP,2,i_P+1)-INDEX(CdP,2,i_P+0))/(INDEX(CdP,1,i_P+1)-INDEX(CdP,1,i_P+0))*(t-pas/2-T_ini-INDEX(CdP,1,i_P+0))+INDEX(CdP,2,i_P+0) -> 625.1 | R8: =Poussee/(g*ISP) -> 0.31370857 | S8: =S7-Débit*pas -> 9.4778295 | T8: =m*g -> 92.977508 | U8: =IF(pos_xz<L_rampe,Poids*COS(Beta),0) -> 0 | V8: =Rho_moyen*(20000-Alt_rampe-pos_z)/(20000+Alt_rampe+pos_z) -> 1.1820613 | W8: =1/2*Rho*Sref*Cx*vit_xz^2 -> 14.090861 | Y8: =IF(AND(pos_z<=0,K7>0),"Impact balistique","") & IF(AND(H9<0,vit_z>=0),"Apogée","") & IF(AND(Poussee=0,Q7>0),"Fin de propulsion","") & IF(AND(L9>L_rampe,pos_xz<=L_rampe),"Sortie de rampe","") | Z8: =IF(ABS(t-T_para)<pas/2,"Para","") | AA8: =IF(ABS(t-T_satellite)<pas/2,"Satellite","") | AC8: =IF(ABS(t-ROUND(t,0))<0.001,t,NA()) -> #N/A | AD8: =IF(ABS(t-ROUND(t,0))<0.001,pos_x,NA()) -> #N/A | AE8: =IF(t<T_para, pos_z, NA()) -> 356.77287 | AG8: =IF(AND(L7<L_rampe,Poussee<Poids*SIN(M7)),0,(-W7+Poussee)/m-Poids*SIN(M7)/m) -> 55.129526 | AH8: =IF(AND(L7<L_rampe,Poussee<Poids*SIN(M7)), g*SIN(M7), (-W7+Poussee)/m) -> 64.489237
A9: =IF(B8+0.01<=T_ini+ROUNDUP(Temps_fin_propu,0), 0.01, IF(K8>0, 0.1, 0.0001)) -> 0.01 | B9: =B8+pas -> 3.75 | D9: =IF(AND(L8<L_rampe,Poussee<Poids*SIN(M8)),0,(-W8+Poussee)/m*COS(M8)-U8/m*SIN(M8)) -> 24.993293 | E9: =IF(AND(L8<L_rampe,Poussee<Poids*SIN(M8)),0,(-W8+Poussee)/m*SIN(M8)+U8/m*COS(M8)-Poids/m) -> 69.700998 | F9: =SQRT(acc_x^2+acc_z^2) -> 74.046565 | G9: =G8+acc_x*pas -> 22.371171 | H9: =H8+acc_z*pas -> 71.071158 | I9: =SQRT(vit_x^2+vit_z^2) -> 74.508918 | J9: =J8+0.5*(vit_x+G8)*pas*(K8>=0) -> 87.531033 | K9: =K8+0.5*(vit_z+H8)*pas -> 357.4801 | L9: =SQRT(pos_x^2+pos_z^2) -> 368.04035 | M9: =IF(AND(L8>L_rampe,G9>0),ATAN2(G9,H9),$M$4) -> 1.2658434 | N9: =DEGREES(Beta) -> 72.527487 | P9: =MATCH(t-pas/2-T_ini,CdP_t) -> 1 | Q9: =(INDEX(CdP,2,i_P+1)-INDEX(CdP,2,i_P+0))/(INDEX(CdP,1,i_P+1)-INDEX(CdP,1,i_P+0))*(t-pas/2-T_ini-INDEX(CdP,1,i_P+0))+INDEX(CdP,2,i_P+0) -> 803.7 | R9: =Poussee/(g*ISP) -> 0.40333958 | S9: =S8-Débit*pas -> 9.4737961 | T9: =m*g -> 92.93794 | U9: =IF(pos_xz<L_rampe,Poids*COS(Beta),0) -> 0 | V9: =Rho_moyen*(20000-Alt_rampe-pos_z)/(20000+Alt_rampe+pos_z) -> 1.1819777 | W9: =1/2*Rho*Sref*Cx*vit_xz^2 -> 14.373918 | Y9: =IF(AND(pos_z<=0,K8>0),"Impact balistique","") & IF(AND(H10<0,vit_z>=0),"Apogée","") & IF(AND(Poussee=0,Q8>0),"Fin de propulsion","") & IF(AND(L10>L_rampe,pos_xz<=L_rampe),"Sortie de rampe","") | Z9: =IF(ABS(t-T_para)<pas/2,"Para","") | AA9: =IF(ABS(t-T_satellite)<pas/2,"Satellite","") | AC9: =IF(ABS(t-ROUND(t,0))<0.001,t,NA()) -> #N/A | AD9: =IF(ABS(t-ROUND(t,0))<0.001,pos_x,NA()) -> #N/A | AE9: =IF(t<T_para, pos_z, NA()) -> 357.4801 | AG9: =IF(AND(L8<L_rampe,Poussee<Poids*SIN(M8)),0,(-W8+Poussee)/m-Poids*SIN(M8)/m) -> 73.988107 | AH9: =IF(AND(L8<L_rampe,Poussee<Poids*SIN(M8)), g*SIN(M8), (-W8+Poussee)/m) -> 83.346647
A10: =IF(B9+0.01<=T_ini+ROUNDUP(Temps_fin_propu,0), 0.01, IF(K9>0, 0.1, 0.0001)) -> 0.01 | B10: =B9+pas -> 3.76 | D10: =IF(AND(L9<L_rampe,Poussee<Poids*SIN(M9)),0,(-W9+Poussee)/m*COS(M9)-U9/m*SIN(M9)) -> 27.825547 | E10: =IF(AND(L9<L_rampe,Poussee<Poids*SIN(M9)),0,(-W9+Poussee)/m*SIN(M9)+U9/m*COS(M9)-Poids/m) -> 78.589209 | F10: =SQRT(acc_x^2+acc_z^2) -> 83.369808 | G10: =G9+acc_x*pas -> 22.649427 | H10: =H9+acc_z*pas -> 71.85705 | I10: =SQRT(vit_x^2+vit_z^2) -> 75.342101 | J10: =J9+0.5*(vit_x+G9)*pas*(K9>=0) -> 87.756136 | K10: =K9+0.5*(vit_z+H9)*pas -> 358.19474 | L10: =SQRT(pos_x^2+pos_z^2) -> 368.78803 | M10: =IF(AND(L9>L_rampe,G10>0),ATAN2(G10,H10),$M$4) -> 1.2654525 | N10: =DEGREES(Beta) -> 72.505087 | P10: =MATCH(t-pas/2-T_ini,CdP_t) -> 2 | Q10: =(INDEX(CdP,2,i_P+1)-INDEX(CdP,2,i_P+0))/(INDEX(CdP,1,i_P+1)-INDEX(CdP,1,i_P+0))*(t-pas/2-T_ini-INDEX(CdP,1,i_P+0))+INDEX(CdP,2,i_P+0) -> 891.94444 | R10: =Poussee/(g*ISP) -> 0.44762536 | S10: =S9-Débit*pas -> 9.4693199 | T10: =m*g -> 92.894028 | U10: =IF(pos_xz<L_rampe,Poids*COS(Beta),0) -> 0 | V10: =Rho_moyen*(20000-Alt_rampe-pos_z)/(20000+Alt_rampe+pos_z) -> 1.1818932 | W10: =1/2*Rho*Sref*Cx*vit_xz^2 -> 14.696132 | Y10: =IF(AND(pos_z<=0,K9>0),"Impact balistique","") & IF(AND(H11<0,vit_z>=0),"Apogée","") & IF(AND(Poussee=0,Q9>0),"Fin de propulsion","") & IF(AND(L11>L_rampe,pos_xz<=L_rampe),"Sortie de rampe","") | Z10: =IF(ABS(t-T_para)<pas/2,"Para","") | AA10: =IF(ABS(t-T_satellite)<pas/2,"Satellite","") | AC10: =IF(ABS(t-ROUND(t,0))<0.001,t,NA()) -> #N/A | AD10: =IF(ABS(t-ROUND(t,0))<0.001,pos_x,NA()) -> #N/A | AE10: =IF(t<T_para, pos_z, NA()) -> 358.19474 | AG10: =IF(AND(L9<L_rampe,Poussee<Poids*SIN(M9)),0,(-W9+Poussee)/m-Poids*SIN(M9)/m) -> 83.317761 | AH10: =IF(AND(L9<L_rampe,Poussee<Poids*SIN(M9)), g*SIN(M9), (-W9+Poussee)/m) -> 92.675138
A11: =IF(B10+0.01<=T_ini+ROUNDUP(Temps_fin_propu,0), 0.01, IF(K10>0, 0.1, 0.0001)) -> 0.01 | B11: =B10+pas -> 3.77 | D11: =IF(AND(L10<L_rampe,Poussee<Poids*SIN(M10)),0,(-W10+Poussee)/m*COS(M10)-U10/m*SIN(M10)) -> 27.795962 | E11: =IF(AND(L10<L_rampe,Poussee<Poids*SIN(M10)),0,(-W10+Poussee)/m*SIN(M10)+U10/m*COS(M10)-Poids/m) -> 78.374829 | F11: =SQRT(acc_x^2+acc_z^2) -> 83.157857 | G11: =G10+acc_x*pas -> 22.927386 | H11: =H10+acc_z*pas -> 72.640798 | I11: =SQRT(vit_x^2+vit_z^2) -> 76.173162 | J11: =J10+0.5*(vit_x+G10)*pas*(K10>=0) -> 87.98402 | K11: =K10+0.5*(vit_z+H10)*pas -> 358.91723 | L11: =SQRT(pos_x^2+pos_z^2) -> 369.544 | M11: =IF(AND(L10>L_rampe,G11>0),ATAN2(G11,H11),$M$4) -> 1.2650653 | N11: =DEGREES(Beta) -> 72.482905 | P11: =MATCH(t-pas/2-T_ini,CdP_t) -> 2 | Q11: =(INDEX(CdP,2,i_P+1)-INDEX(CdP,2,i_P+0))/(INDEX(CdP,1,i_P+1)-INDEX(CdP,1,i_P+0))*(t-pas/2-T_ini-INDEX(CdP,1,i_P+0))+INDEX(CdP,2,i_P+0) -> 889.83333 | R11: =Poussee/(g*ISP) -> 0.44656589 | S11: =S10-Débit*pas -> 9.4648542 | T11: =m*g -> 92.85022 | U11: =IF(pos_xz<L_rampe,Poids*COS(Beta),0) -> 0 | V11: =Rho_moyen*(20000-Alt_rampe-pos_z)/(20000+Alt_rampe+pos_z) -> 1.1818078 | W11: =1/2*Rho*Sref*Cx*vit_xz^2 -> 15.021046 | Y11: =IF(AND(pos_z<=0,K10>0),"Impact balistique","") & IF(AND(H12<0,vit_z>=0),"Apogée","") & IF(AND(Poussee=0,Q10>0),"Fin de propulsion","") & IF(AND(L12>L_rampe,pos_xz<=L_rampe),"Sortie de rampe","") | Z11: =IF(ABS(t-T_para)<pas/2,"Para","") | AA11: =IF(ABS(t-T_satellite)<pas/2,"Satellite","") | AC11: =IF(ABS(t-ROUND(t,0))<0.001,t,NA()) -> #N/A | AD11: =IF(ABS(t-ROUND(t,0))<0.001,pos_x,NA()) -> #N/A | AE11: =IF(t<T_para, pos_z, NA()) -> 358.91723 | AG11: =IF(AND(L10<L_rampe,Poussee<Poids*SIN(M10)),0,(-W10+Poussee)/m-Poids*SIN(M10)/m) -> 83.105548 | AH11: =IF(AND(L10<L_rampe,Poussee<Poids*SIN(M10)), g*SIN(M10), (-W10+Poussee)/m) -> 92.461773
A12: =IF(B11+0.01<=T_ini+ROUNDUP(Temps_fin_propu,0), 0.01, IF(K11>0, 0.1, 0.0001)) -> 0.01 | B12: =B11+pas -> 3.78 | D12: =IF(AND(L11<L_rampe,Poussee<Poids*SIN(M11)),0,(-W11+Poussee)/m*COS(M11)-U11/m*SIN(M11)) -> 27.765702 | E12: =IF(AND(L11<L_rampe,Poussee<Poids*SIN(M11)),0,(-W11+Poussee)/m*SIN(M11)+U11/m*COS(M11)-Poids/m) -> 78.160027 | F12: =SQRT(acc_x^2+acc_z^2) -> 82.945308 | G12: =G11+acc_x*pas -> 23.205043 | H12: =H11+acc_z*pas -> 73.422399 | I12: =SQRT(vit_x^2+vit_z^2) -> 77.002095 | J12: =J11+0.5*(vit_x+G11)*pas*(K11>=0) -> 88.214682 | K12: =K11+0.5*(vit_z+H11)*pas -> 359.64754 | L12: =SQRT(pos_x^2+pos_z^2) -> 370.30823 | M12: =IF(AND(L11>L_rampe,G12>0),ATAN2(G12,H12),$M$4) -> 1.2646819 | N12: =DEGREES(Beta) -> 72.460934 | P12: =MATCH(t-pas/2-T_ini,CdP_t) -> 2 | Q12: =(INDEX(CdP,2,i_P+1)-INDEX(CdP,2,i_P+0))/(INDEX(CdP,1,i_P+1)-INDEX(CdP,1,i_P+0))*(t-pas/2-T_ini-INDEX(CdP,1,i_P+0))+INDEX(CdP,2,i_P+0) -> 887.72222 | R12: =Poussee/(g*ISP) -> 0.44550642 | S12: =S11-Débit*pas -> 9.4603991 | T12: =m*g -> 92.806516 | U12: =IF(pos_xz<L_rampe,Poids*COS(Beta),0) -> 0 | V12: =Rho_moyen*(20000-Alt_rampe-pos_z)/(20000+Alt_rampe+pos_z) -> 1.1817214 | W12: =1/2*Rho*Sref*Cx*vit_xz^2 -> 15.348628 | Y12: =IF(AND(pos_z<=0,K11>0),"Impact balistique","") & IF(AND(H13<0,vit_z>=0),"Apogée","") & IF(AND(Poussee=0,Q11>0),"Fin de propulsion","") & IF(AND(L13>L_rampe,pos_xz<=L_rampe),"Sortie de rampe","") | Z12: =IF(ABS(t-T_para)<pas/2,"Para","") | AA12: =IF(ABS(t-T_satellite)<pas/2,"Satellite","") | AC12: =IF(ABS(t-ROUND(t,0))<0.001,t,NA()) -> #N/A | AD12: =IF(ABS(t-ROUND(t,0))<0.001,pos_x,NA()) -> #N/A | AE12: =IF(t<T_para, pos_z, NA()) -> 359.64754 | AG12: =IF(AND(L11<L_rampe,Poussee<Poids*SIN(M11)),0,(-W11+Poussee)/m-Poids*SIN(M11)/m) -> 82.892735 | AH12: =IF(AND(L11<L_rampe,Poussee<Poids*SIN(M11)), g*SIN(M11), (-W11+Poussee)/m) -> 92.247818
A13: =IF(B12+0.01<=T_ini+ROUNDUP(Temps_fin_propu,0), 0.01, IF(K12>0, 0.1, 0.0001)) -> 0.01 | B13: =B12+pas -> 3.79 | D13: =IF(AND(L12<L_rampe,Poussee<Poids*SIN(M12)),0,(-W12+Poussee)/m*COS(M12)-U12/m*SIN(M12)) -> 27.73478 | E13: =IF(AND(L12<L_rampe,Poussee<Poids*SIN(M12)),0,(-W12+Poussee)/m*SIN(M12)+U12/m*COS(M12)-Poids/m) -> 77.944805 | F13: =SQRT(acc_x^2+acc_z^2) -> 82.732162 | G13: =G12+acc_x*pas -> 23.482391 | H13: =H12+acc_z*pas -> 74.201847 | I13: =SQRT(vit_x^2+vit_z^2) -> 77.828894 | J13: =J12+0.5*(vit_x+G12)*pas*(K12>=0) -> 88.448119 | K13: =K12+0.5*(vit_z+H12)*pas -> 360.38567 | L13: =SQRT(pos_x^2+pos_z^2) -> 371.08072 | M13: =IF(AND(L12>L_rampe,G13>0),ATAN2(G13,H13),$M$4) -> 1.264302 | N13: =DEGREES(Beta) -> 72.439171 | P13: =MATCH(t-pas/2-T_ini,CdP_t) -> 2 | Q13: =(INDEX(CdP,2,i_P+1)-INDEX(CdP,2,i_P+0))/(INDEX(CdP,1,i_P+1)-INDEX(CdP,1,i_P+0))*(t-pas/2-T_ini-INDEX(CdP,1,i_P+0))+INDEX(CdP,2,i_P+0) -> 885.61111 | R13: =Poussee/(g*ISP) -> 0.44444695 | S13: =S12-Débit*pas -> 9.4559547 | T13: =m*g -> 92.762915 | U13: =IF(pos_xz<L_rampe,Poids*COS(Beta),0) -> 0 | V13: =Rho_moyen*(20000-Alt_rampe-pos_z)/(20000+Alt_rampe+pos_z) -> 1.1816342 | W13: =1/2*Rho*Sref*Cx*vit_xz^2 -> 15.678847 | Y13: =IF(AND(pos_z<=0,K12>0),"Impact balistique","") & IF(AND(H14<0,vit_z>=0),"Apogée","") & IF(AND(Poussee=0,Q12>0),"Fin de propulsion","") & IF(AND(L14>L_rampe,pos_xz<=L_rampe),"Sortie de rampe","") | Z13: =IF(ABS(t-T_para)<pas/2,"Para","") | AA13: =IF(ABS(t-T_satellite)<pas/2,"Satellite","") | AC13: =IF(ABS(t-ROUND(t,0))<0.001,t,NA()) -> #N/A | AD13: =IF(ABS(t-ROUND(t,0))<0.001,pos_x,NA()) -> #N/A | AE13: =IF(t<T_para, pos_z, NA()) -> 360.38567 | AG13: =IF(AND(L12<L_rampe,Poussee<Poids*SIN(M12)),0,(-W12+Poussee)/m-Poids*SIN(M12)/m) -> 82.679326 | AH13: =IF(AND(L12<L_rampe,Poussee<Poids*SIN(M12)), g*SIN(M12), (-W12+Poussee)/m) -> 92.033276
A14: =IF(B13+0.01<=T_ini+ROUNDUP(Temps_fin_propu,0), 0.01, IF(K13>0, 0.1, 0.0001)) -> 0.01 | B14: =B13+pas -> 3.8 | D14: =IF(AND(L13<L_rampe,Poussee<Poids*SIN(M13)),0,(-W13+Poussee)/m*COS(M13)-U13/m*SIN(M13)) -> 27.703204 | E14: =IF(AND(L13<L_rampe,Poussee<Poids*SIN(M13)),0,(-W13+Poussee)/m*SIN(M13)+U13/m*COS(M13)-Poids/m) -> 77.729163 | F14: =SQRT(acc_x^2+acc_z^2) -> 82.518424 | G14: =G13+acc_x*pas -> 23.759423 | H14: =H13+acc_z*pas -> 74.979138 | I14: =SQRT(vit_x^2+vit_z^2) -> 78.653553 | J14: =J13+0.5*(vit_x+G13)*pas*(K13>=0) -> 88.684328 | K14: =K13+0.5*(vit_z+H13)*pas -> 361.13157 | L14: =SQRT(pos_x^2+pos_z^2) -> 371.86143 | M14: =IF(AND(L13>L_rampe,G14>0),ATAN2(G14,H14),$M$4) -> 1.2639257 | N14: =DEGREES(Beta) -> 72.417609 | P14: =MATCH(t-pas/2-T_ini,CdP_t) -> 2 | Q14: =(INDEX(CdP,2,i_P+1)-INDEX(CdP,2,i_P+0))/(INDEX(CdP,1,i_P+1)-INDEX(CdP,1,i_P+0))*(t-pas/2-T_ini-INDEX(CdP,1,i_P+0))+INDEX(CdP,2,i_P+0) -> 883.5 | R14: =Poussee/(g*ISP) -> 0.44338749 | S14: =S13-Débit*pas -> 9.4515208 | T14: =m*g -> 92.719419 | U14: =IF(pos_xz<L_rampe,Poids*COS(Beta),0) -> 0 | V14: =Rho_moyen*(20000-Alt_rampe-pos_z)/(20000+Alt_rampe+pos_z) -> 1.181546 | W14: =1/2*Rho*Sref*Cx*vit_xz^2 -> 16.011673 | Y14: =IF(AND(pos_z<=0,K13>0),"Impact balistique","") & IF(AND(H15<0,vit_z>=0),"Apogée","") & IF(AND(Poussee=0,Q13>0),"Fin de propulsion","") & IF(AND(L15>L_rampe,pos_xz<=L_rampe),"Sortie de rampe","") | Z14: =IF(ABS(t-T_para)<pas/2,"Para","") | AA14: =IF(ABS(t-T_satellite)<pas/2,"Satellite","") | AC14: =IF(ABS(t-ROUND(t,0))<0.001,t,NA()) -> #N/A | AD14: =IF(ABS(t-ROUND(t,0))<0.001,pos_x,NA()) -> #N/A | AE14: =IF(t<T_para, pos_z, NA()) -> 361.13157 | AG14: =IF(AND(L13<L_rampe,Poussee<Poids*SIN(M13)),0,(-W13+Poussee)/m-Poids*SIN(M13)/m) -> 82.465324 | AH14: =IF(AND(L13<L_rampe,Poussee<Poids*SIN(M13)), g*SIN(M13), (-W13+Poussee)/m) -> 91.81815
A15: =IF(B14+0.01<=T_ini+ROUNDUP(Temps_fin_propu,0), 0.01, IF(K14>0, 0.1, 0.0001)) -> 0.01 | B15: =B14+pas -> 3.81 | D15: =IF(AND(L14<L_rampe,Poussee<Poids*SIN(M14)),0,(-W14+Poussee)/m*COS(M14)-U14/m*SIN(M14)) -> 27.670984 | E15: =IF(AND(L14<L_rampe,Poussee<Poids*SIN(M14)),0,(-W14+Poussee)/m*SIN(M14)+U14/m*COS(M14)-Poids/m) -> 77.513103 | F15: =SQRT(acc_x^2+acc_z^2) -> 82.304098 | G15: =G14+acc_x*pas -> 24.036133 | H15: =H14+acc_z*pas -> 75.754269 | I15: =SQRT(vit_x^2+vit_z^2) -> 79.476066 | J15: =J14+0.5*(vit_x+G14)*pas*(K14>=0) -> 88.923306 | K15: =K14+0.5*(vit_z+H14)*pas -> 361.88524 | L15: =SQRT(pos_x^2+pos_z^2) -> 372.65035 | M15: =IF(AND(L14>L_rampe,G15>0),ATAN2(G15,H15),$M$4) -> 1.2635529 | N15: =DEGREES(Beta) -> 72.396246 | P15: =MATCH(t-pas/2-T_ini,CdP_t) -> 2 | Q15: =(INDEX(CdP,2,i_P+1)-INDEX(CdP,2,i_P+0))/(INDEX(CdP,1,i_P+1)-INDEX(CdP,1,i_P+0))*(t-pas/2-T_ini-INDEX(CdP,1,i_P+0))+INDEX(CdP,2,i_P+0) -> 881.38889 | R15: =Poussee/(g*ISP) -> 0.44232802 | S15: =S14-Débit*pas -> 9.4470975 | T15: =m*g -> 92.676027 | U15: =IF(pos_xz<L_rampe,Poids*COS(Beta),0) -> 0 | V15: =Rho_moyen*(20000-Alt_rampe-pos_z)/(20000+Alt_rampe+pos_z) -> 1.1814569 | W15: =1/2*Rho*Sref*Cx*vit_xz^2 -> 16.347072 | Y15: =IF(AND(pos_z<=0,K14>0),"Impact balistique","") & IF(AND(H16<0,vit_z>=0),"Apogée","") & IF(AND(Poussee=0,Q14>0),"Fin de propulsion","") & IF(AND(L16>L_rampe,pos_xz<=L_rampe),"Sortie de rampe","") | Z15: =IF(ABS(t-T_para)<pas/2,"Para","") | AA15: =IF(ABS(t-T_satellite)<pas/2,"Satellite","") | AC15: =IF(ABS(t-ROUND(t,0))<0.001,t,NA()) -> #N/A | AD15: =IF(ABS(t-ROUND(t,0))<0.001,pos_x,NA()) -> #N/A | AE15: =IF(t<T_para, pos_z, NA()) -> 361.88524 | AG15: =IF(AND(L14<L_rampe,Poussee<Poids*SIN(M14)),0,(-W14+Poussee)/m-Poids*SIN(M14)/m) -> 82.250732 | AH15: =IF(AND(L14<L_rampe,Poussee<Poids*SIN(M14)), g*SIN(M14), (-W14+Poussee)/m) -> 91.602443
A16: =IF(B15+0.01<=T_ini+ROUNDUP(Temps_fin_propu,0), 0.01, IF(K15>0, 0.1, 0.0001)) -> 0.01 | B16: =B15+pas -> 3.82 | D16: =IF(AND(L15<L_rampe,Poussee<Poids*SIN(M15)),0,(-W15+Poussee)/m*COS(M15)-U15/m*SIN(M15)) -> 27.638131 | E16: =IF(AND(L15<L_rampe,Poussee<Poids*SIN(M15)),0,(-W15+Poussee)/m*SIN(M15)+U15/m*COS(M15)-Poids/m) -> 77.296624 | F16: =SQRT(acc_x^2+acc_z^2) -> 82.089185 | G16: =G15+acc_x*pas -> 24.312514 | H16: =H15+acc_z*pas -> 76.527236 | I16: =SQRT(vit_x^2+vit_z^2) -> 80.296427 | J16: =J15+0.5*(vit_x+G15)*pas*(K15>=0) -> 89.165049 | K16: =K15+0.5*(vit_z+H15)*pas -> 362.64665 | L16: =SQRT(pos_x^2+pos_z^2) -> 373.44745 | M16: =IF(AND(L15>L_rampe,G16>0),ATAN2(G16,H16),$M$4) -> 1.2631834 | N16: =DEGREES(Beta) -> 72.375076 | P16: =MATCH(t-pas/2-T_ini,CdP_t) -> 2 | Q16: =(INDEX(CdP,2,i_P+1)-INDEX(CdP,2,i_P+0))/(INDEX(CdP,1,i_P+1)-INDEX(CdP,1,i_P+0))*(t-pas/2-T_ini-INDEX(CdP,1,i_P+0))+INDEX(CdP,2,i_P+0) -> 879.27778 | R16: =Poussee/(g*ISP) -> 0.44126855 | S16: =S15-Débit*pas -> 9.4426848 | T16: =m*g -> 92.632738 | U16: =IF(pos_xz<L_rampe,Poids*COS(Beta),0) -> 0 | V16: =Rho_moyen*(20000-Alt_rampe-pos_z)/(20000+Alt_rampe+pos_z) -> 1.181367 | W16: =1/2*Rho*Sref*Cx*vit_xz^2 -> 16.685016 | Y16: =IF(AND(pos_z<=0,K15>0),"Impact balistique","") & IF(AND(H17<0,vit_z>=0),"Apogée","") & IF(AND(Poussee=0,Q15>0),"Fin de propulsion","") & IF(AND(L17>L_rampe,pos_xz<=L_rampe),"Sortie de rampe","") | Z16: =IF(ABS(t-T_para)<pas/2,"Para","") | AA16: =IF(ABS(t-T_satellite)<pas/2,"Satellite","") | AC16: =IF(ABS(t-ROUND(t,0))<0.001,t,NA()) -> #N/A | AD16: =IF(ABS(t-ROUND(t,0))<0.001,pos_x,NA()) -> #N/A | AE16: =IF(t<T_para, pos_z, NA()) -> 362.64665 | AG16: =IF(AND(L15<L_rampe,Poussee<Poids*SIN(M15)),0,(-W15+Poussee)/m-Poids*SIN(M15)/m) -> 82.035554 | AH16: =IF(AND(L15<L_rampe,Poussee<Poids*SIN(M15)), g*SIN(M15), (-W15+Poussee)/m) -> 91.38616
... A1004: =IF(B1003+0.01<=T_ini+ROUNDUP(Temps_fin_propu,0), 0.01, IF(K1003>0, 0.1, 0.0001)) -> 0.0001 | B1004: =B1003+pas -> 48.3194 | D1004: =IF(AND(L1003<L_rampe,Poussee<Poids*SIN(M1003)),0,(-W1003+Poussee)/m*COS(M1003)-U1003/m*SIN(M1003)) -> -1.2313068 | E1004: =IF(AND(L1003<L_rampe,Poussee<Poids*SIN(M1003)),0,(-W1003+Poussee)/m*SIN(M1003)+U1003/m*COS(M1003)-Poids/m) -> -1.7960195 | F1004: =SQRT(acc_x^2+acc_z^2) -> 2.1775681 | G1004: =G1003+acc_x*pas -> 24.26359 | H1004: =H1003+acc_z*pas -> -157.92095 | I1004: =SQRT(vit_x^2+vit_z^2) -> 159.77406 | J1004: =J1003+0.5*(vit_x+G1003)*pas*(K1003>=0) -> 2310.0931 | K1004: =K1003+0.5*(vit_z+H1003)*pas -> -4.0964283 | L1004: =SQRT(pos_x^2+pos_z^2) -> 2310.0967 | M1004: =IF(AND(L1003>L_rampe,G1004>0),ATAN2(G1004,H1004),$M$4) -> -1.4183446 | N1004: =DEGREES(Beta) -> -81.265159 | P1004: =MATCH(t-pas/2-T_ini,CdP_t) -> 23 | Q1004: =(INDEX(CdP,2,i_P+1)-INDEX(CdP,2,i_P+0))/(INDEX(CdP,1,i_P+1)-INDEX(CdP,1,i_P+0))*(t-pas/2-T_ini-INDEX(CdP,1,i_P+0))+INDEX(CdP,2,i_P+0) -> 0 | R1004: =Poussee/(g*ISP) -> 0 | S1004: =S1003-Débit*pas -> 8.452 | T1004: =m*g -> 82.91412 | U1004: =IF(pos_xz<L_rampe,Poids*COS(Beta),0) -> 0 | V1004: =Rho_moyen*(20000-Alt_rampe-pos_z)/(20000+Alt_rampe+pos_z) -> 1.2255019 | W1004: =1/2*Rho*Sref*Cx*vit_xz^2 -> 68.529235 | Y1004: =IF(AND(pos_z<=0,K1003>0),"Impact balistique","") & IF(AND(H1005<0,vit_z>=0),"Apogée","") & IF(AND(Poussee=0,Q1003>0),"Fin de propulsion","") & IF(AND(L1005>L_rampe,pos_xz<=L_rampe),"Sortie de rampe","") | Z1004: =IF(ABS(t-T_para)<pas/2,"Para","") | AA1004: =IF(ABS(t-T_satellite)<pas/2,"Satellite","") | AC1004: =IF(ABS(t-ROUND(t,0))<0.001,t,NA()) -> #N/A | AD1004: =IF(ABS(t-ROUND(t,0))<0.001,pos_x,NA()) -> #N/A | AE1004: =IF(t<T_para, pos_z, NA()) -> #N/A | AG1004: =IF(AND(L1003<L_rampe,Poussee<Poids*SIN(M1003)),0,(-W1003+Poussee)/m-Poids*SIN(M1003)/m) -> 1.5881988 | AH1004: =IF(AND(L1003<L_rampe,Poussee<Poids*SIN(M1003)), g*SIN(M1003), (-W1003+Poussee)/m) -> -8.1080207
E1034: Méthodes d'intégration explicites officielles | J1034: Wikipedia | T1034: Méthodes d'intégration maison | Y1034: Le Vol de la Fusée
E1035: Explicit Euler (1st order, non-symplectic) [RK1]
T1036: Spécificités de notre problème (2nd order mechanical ODE) :
T1037: On peut anticiper la Poussée (force qui varie le +) et la masse.
T1038: L'Acc dépend de la vitesse (et peu de la position).
T1039: Les méthodes symplectic (conserve l'énergie) gardent-elles leur avantage quand la masse varie (ph propu) ?
E1040: Semi-implicit Euler (1st order, symplectic) [§ "Euler modifié" dans Le Vol de La Fusée] | T1040: Pour se limiter à 1000 lignes, pas variable (les transitions sont-elles rigoureuses ?).
T1041: Sous Excel, on a les pas précédent (linear multistep possible), mais ordre élevé ou implicite sont à exclure.
E1045: Midpoint, Modified Euler (2nd order, explicit) [§ "RK2" dans Le Vol de La Fusée]
T1048: Trajec 2.x utililse un mélange douteux de différentes méthodes :
E1050: Heun, Improved Euler (2-stage 2nd-order, explicit, predictor-corrector) [Trapezoidal] [RK2]
T1053: Trajecto/StabTraj corrige l'erreur de Trajec sur Xn+1 en utilisant la vitesse moyenne :
E1055: Newmark-beta (with γ=1/2 & β=1/4) (2nd order)
T1058: Idéalement, il serait préférable de tout calculer à n+0.5 (m, V, β, ρ).
E1060: Velocity Verlet, Leapfrog variant (2nd order, symplectic, explicit)
E1065: Beeman (2nd order, explicit variant)
E1070: Verlet (2-stage 2nd order, symplectic, explicit)
E1075: Multi{sub}step (RK), linear multi{previous}step (ADAMS), predictor-corrector, implicit …

Sheet Abaco
C2: ABACO
C4: =IF(Lang="Français","Abaques de performance",IF(Lang="English","Performance charts","")) -> Abaques de performance
C5: =IF(Lang="Français","Calcul analytique simple",IF(Lang="English","Analytical computation","")) -> Calcul analytique simple
C7: =IF(Lang="Français","Fusée",IF(Lang="English","Rocket","")) -> Fusée
B8: =IF(Lang="Français","Nom",IF(Lang="English","Name","")) -> Nom | C8: =Nom -> SP02_BETA
B9: Club | C9: =Club -> L'AéroIPSA
B10: Matricule | C10: =Matricule -> FX0
B11: =IF(Lang="Français","Masse sans propu",IF(Lang="English","Mass without M","")) -> Masse sans propu | C11: =MasseSans -> 7.8
B12: =IF(Lang="Français","Masse totale",IF(Lang="English","Total mass","")) -> Masse totale | C12: =MassePlein & " kg ±" & MasseSans & " kg" -> 9,485 kg ±7,8 kg
B13: =IF(Lang="Français","Propulseur",IF(Lang="English","Motor","")) -> Propulseur | C13: =Propu -> Barasinga (Pro54-5G C)
C15: =IF(Lang="Français","Traînée Aérdynamique",IF(Lang="English","Drag","")) -> Traînée Aérdynamique
B16: =IF(Lang="Français","Diamètre Ø",IF(Lang="English","Diameter Ø","")) -> Diamètre Ø | C16: =D_ref -> 84
B17: Cx | C17: =Cx -> 0.6
B41: Diamètre | C41: 1/2.ρ.S.Cx | D41: Masse totale | E41: M ph prop | F41: M ph bal | G41: Accélération | H41: Traînée prop | I41: Traînée bal | J41: Alt prop | K41: V max | L41: alt_culmi | M41: t_culmi
B42: D_var | C42: Q_var | D42: m_var | E42: m_prop | F42: m_bal | G42: a_prop | H42: b_prop | I42: b_bal | J42: alt_prop | K42: V_prop
B43: =MAX(D_ref*0.5, Diam_propu) -> 54 | C43: =1/2*Rho_moyen*PI()*D_var^2/4*Cx/10^6 -> 0.00084165623 | D43: =MpropuPlein+0*MasseSans -> 1.685 | E43: =m_var - 0.5*m_poudre -> 1.1685 | F43: =m_var - m_poudre -> 0.652 | G43: =MAX(0, (I_total/Temps_fin_propu)/m_prop-g) -> 480.87217 | H43: =Q_var/m_prop -> 0.00072028775 | I43: =Q_var/m_bal -> 0.0012908838 | J43: =1/(2*b_prop)*LN( ((EXP(2*SQRT(a_prop*b_prop)*Temps_fin_propu)+1)^2) / (((1+1)^2)*EXP(2*SQRT(a_prop*b_prop)*Temps_fin_propu))) -> 1991.1237 | K43: =SQRT(a_prop/b_prop) * (EXP(2*SQRT(a_prop*b_prop)*Temps_fin_propu)-1)/(EXP(2*SQRT(a_prop*b_prop)*Temps_fin_propu)+1) -> 793.53411 | L43: =alt_prop + 1/(2*b_bal) * LN(1+b_bal/g*V_prop^2) -> 3706.6766 | M43: =Temps_fin_propu + ATAN(SQRT(b_bal/g)*V_prop)/SQRT(b_bal*g) -> 16.576278
B44: =MAX(D_ref*0.5, Diam_propu) -> 54 | C44: =1/2*Rho_moyen*PI()*D_var^2/4*Cx/10^6 -> 0.00084165623 | D44: =MpropuPlein+0.25*MasseSans -> 3.635 | E44: =m_var - 0.5*m_poudre -> 3.1185 | F44: =m_var - m_poudre -> 2.602 | G44: =MAX(0, (I_total/Temps_fin_propu)/m_prop-g) -> 174.0483 | H44: =Q_var/m_prop -> 0.00026989137 | I44: =Q_var/m_bal -> 0.00032346512 | J44: =1/(2*b_prop)*LN( ((EXP(2*SQRT(a_prop*b_prop)*Temps_fin_propu)+1)^2) / (((1+1)^2)*EXP(2*SQRT(a_prop*b_prop)*Temps_fin_propu))) -> 1023.8675 | K44: =SQRT(a_prop/b_prop) * (EXP(2*SQRT(a_prop*b_prop)*Temps_fin_propu)-1)/(EXP(2*SQRT(a_prop*b_prop)*Temps_fin_propu)+1) -> 523.26705 | L44: =alt_prop + 1/(2*b_bal) * LN(1+b_bal/g*V_prop^2) -> 4587.4814 | M44: =Temps_fin_propu + ATAN(SQRT(b_bal/g)*V_prop)/SQRT(b_bal*g) -> 25.771639
B45: =MAX(D_ref*0.5, Diam_propu) -> 54 | C45: =1/2*Rho_moyen*PI()*D_var^2/4*Cx/10^6 -> 0.00084165623 | D45: =MpropuPlein+0.5*MasseSans -> 5.585 | E45: =m_var - 0.5*m_poudre -> 5.0685 | F45: =m_var - m_poudre -> 4.552 | G45: =MAX(0, (I_total/Temps_fin_propu)/m_prop-g) -> 103.31264 | H45: =Q_var/m_prop -> 0.00016605628 | I45: =Q_var/m_bal -> 0.00018489812 | J45: =1/(2*b_prop)*LN( ((EXP(2*SQRT(a_prop*b_prop)*Temps_fin_propu)+1)^2) / (((1+1)^2)*EXP(2*SQRT(a_prop*b_prop)*Temps_fin_propu))) -> 642.57429 | K45: =SQRT(a_prop/b_prop) * (EXP(2*SQRT(a_prop*b_prop)*Temps_fin_propu)-1)/(EXP(2*SQRT(a_prop*b_prop)*Temps_fin_propu)+1) -> 345.77607 | L45: =alt_prop + 1/(2*b_bal) * LN(1+b_bal/g*V_prop^2) -> 3832.7762 | M45: =Temps_fin_propu + ATAN(SQRT(b_bal/g)*V_prop)/SQRT(b_bal*g) -> 26.674427
B46: =MAX(D_ref*0.5, Diam_propu) -> 54 | C46: =1/2*Rho_moyen*PI()*D_var^2/4*Cx/10^6 -> 0.00084165623 | D46: =MpropuPlein+0.75*MasseSans -> 7.535 | E46: =m_var - 0.5*m_poudre -> 7.0185 | F46: =m_var - m_poudre -> 6.502 | G46: =MAX(0, (I_total/Temps_fin_propu)/m_prop-g) -> 71.882971 | H46: =Q_var/m_prop -> 0.00011991967 | I46: =Q_var/m_bal -> 0.00012944574 | J46: =1/(2*b_prop)*LN( ((EXP(2*SQRT(a_prop*b_prop)*Temps_fin_propu)+1)^2) / (((1+1)^2)*EXP(2*SQRT(a_prop*b_prop)*Temps_fin_propu))) -> 454.88622 | K46: =SQRT(a_prop/b_prop) * (EXP(2*SQRT(a_prop*b_prop)*Temps_fin_propu)-1)/(EXP(2*SQRT(a_prop*b_prop)*Temps_fin_propu)+1) -> 248.90965 | L46: =alt_prop + 1/(2*b_bal) * LN(1+b_bal/g*V_prop^2) -> 2762.7139 | M46: =Temps_fin_propu + ATAN(SQRT(b_bal/g)*V_prop)/SQRT(b_bal*g) -> 24.21895
B47: =MAX(D_ref*0.5, Diam_propu) -> 54 | C47: =1/2*Rho_moyen*PI()*D_var^2/4*Cx/10^6 -> 0.00084165623 | D47: =MpropuPlein+1*MasseSans -> 9.485 | E47: =m_var - 0.5*m_poudre -> 8.9685 | F47: =m_var - m_poudre -> 8.452 | G47: =MAX(0, (I_total/Temps_fin_propu)/m_prop-g) -> 54.120659 | H47: =Q_var/m_prop -> 9.384582e-05 | I47: =Q_var/m_bal -> 9.9580719e-05 | J47: =1/(2*b_prop)*LN( ((EXP(2*SQRT(a_prop*b_prop)*Temps_fin_propu)+1)^2) / (((1+1)^2)*EXP(2*SQRT(a_prop*b_prop)*Temps_fin_propu))) -> 345.01651 | K47: =SQRT(a_prop/b_prop) * (EXP(2*SQRT(a_prop*b_prop)*Temps_fin_propu)-1)/(EXP(2*SQRT(a_prop*b_prop)*Temps_fin_propu)+1) -> 190.16192 | L47: =alt_prop + 1/(2*b_bal) * LN(1+b_bal/g*V_prop^2) -> 1914.9615 | M47: =Temps_fin_propu + ATAN(SQRT(b_bal/g)*V_prop)/SQRT(b_bal*g) -> 21.018199
B48: =MAX(D_ref*0.5, Diam_propu) -> 54 | C48: =1/2*Rho_moyen*PI()*D_var^2/4*Cx/10^6 -> 0.00084165623 | D48: =MpropuPlein+1.25*MasseSans -> 11.435 | E48: =m_var - 0.5*m_poudre -> 10.9185 | F48: =m_var - m_poudre -> 10.402 | G48: =MAX(0, (I_total/Temps_fin_propu)/m_prop-g) -> 42.702902 | H48: =Q_var/m_prop -> 7.7085335e-05 | I48: =Q_var/m_bal -> 8.0912924e-05 | J48: =1/(2*b_prop)*LN( ((EXP(2*SQRT(a_prop*b_prop)*Temps_fin_propu)+1)^2) / (((1+1)^2)*EXP(2*SQRT(a_prop*b_prop)*Temps_fin_propu))) -> 273.25563 | K48: =SQRT(a_prop/b_prop) * (EXP(2*SQRT(a_prop*b_prop)*Temps_fin_propu)-1)/(EXP(2*SQRT(a_prop*b_prop)*Temps_fin_propu)+1) -> 151.17164 | L48: =alt_prop + 1/(2*b_bal) * LN(1+b_bal/g*V_prop^2) -> 1340.3536 | M48: =Temps_fin_propu + ATAN(SQRT(b_bal/g)*V_prop)/SQRT(b_bal*g) -> 18.128373
B49: =MAX(D_ref*0.5, Diam_propu) -> 54 | C49: =1/2*Rho_moyen*PI()*D_var^2/4*Cx/10^6 -> 0.00084165623 | D49: =MpropuPlein+1.5*MasseSans -> 13.385 | E49: =m_var - 0.5*m_poudre -> 12.8685 | F49: =m_var - m_poudre -> 12.352 | G49: =MAX(0, (I_total/Temps_fin_propu)/m_prop-g) -> 34.745474 | H49: =Q_var/m_prop -> 6.5404378e-05 | I49: =Q_var/m_bal -> 6.8139268e-05 | J49: =1/(2*b_prop)*LN( ((EXP(2*SQRT(a_prop*b_prop)*Temps_fin_propu)+1)^2) / (((1+1)^2)*EXP(2*SQRT(a_prop*b_prop)*Temps_fin_propu))) -> 222.81708 | K49: =SQRT(a_prop/b_prop) * (EXP(2*SQRT(a_prop*b_prop)*Temps_fin_propu)-1)/(EXP(2*SQRT(a_prop*b_prop)*Temps_fin_propu)+1) -> 123.53258 | L49: =alt_prop + 1/(2*b_bal) * LN(1+b_bal/g*V_prop^2) -> 962.08779 | M49: =Temps_fin_propu + ATAN(SQRT(b_bal/g)*V_prop)/SQRT(b_bal*g) -> 15.763911
B50: =MAX(D_ref*0.5, Diam_propu) -> 54 | C50: =1/2*Rho_moyen*PI()*D_var^2/4*Cx/10^6 -> 0.00084165623 | D50: =MpropuPlein+1.75*MasseSans -> 15.335 | E50: =m_var - 0.5*m_poudre -> 14.8185 | F50: =m_var - m_poudre -> 14.302 | G50: =MAX(0, (I_total/Temps_fin_propu)/m_prop-g) -> 28.882318 | H50: =Q_var/m_prop -> 5.6797667e-05 | I50: =Q_var/m_bal -> 5.8848849e-05 | J50: =1/(2*b_prop)*LN( ((EXP(2*SQRT(a_prop*b_prop)*Temps_fin_propu)+1)^2) / (((1+1)^2)*EXP(2*SQRT(a_prop*b_prop)*Temps_fin_propu))) -> 185.46695 | K50: =SQRT(a_prop/b_prop) * (EXP(2*SQRT(a_prop*b_prop)*Temps_fin_propu)-1)/(EXP(2*SQRT(a_prop*b_prop)*Temps_fin_propu)+1) -> 102.96292 | L50: =alt_prop + 1/(2*b_bal) * LN(1+b_bal/g*V_prop^2) -> 709.31524 | M50: =Temps_fin_propu + ATAN(SQRT(b_bal/g)*V_prop)/SQRT(b_bal*g) -> 13.871337
B51: =MAX(D_ref*0.5, Diam_propu) -> 54 | C51: =1/2*Rho_moyen*PI()*D_var^2/4*Cx/10^6 -> 0.00084165623 | D51: =MpropuPlein+2*MasseSans -> 17.285 | E51: =m_var - 0.5*m_poudre -> 16.7685 | F51: =m_var - m_poudre -> 16.252 | G51: =MAX(0, (I_total/Temps_fin_propu)/m_prop-g) -> 24.382809 | H51: =Q_var/m_prop -> 5.0192697e-05 | I51: =Q_var/m_bal -> 5.1787856e-05 | J51: =1/(2*b_prop)*LN( ((EXP(2*SQRT(a_prop*b_prop)*Temps_fin_propu)+1)^2) / (((1+1)^2)*EXP(2*SQRT(a_prop*b_prop)*Temps_fin_propu))) -> 156.71272 | K51: =SQRT(a_prop/b_prop) * (EXP(2*SQRT(a_prop*b_prop)*Temps_fin_propu)-1)/(EXP(2*SQRT(a_prop*b_prop)*Temps_fin_propu)+1) -> 87.076944 | L51: =alt_prop + 1/(2*b_bal) * LN(1+b_bal/g*V_prop^2) -> 535.64093 | M51: =Temps_fin_propu + ATAN(SQRT(b_bal/g)*V_prop)/SQRT(b_bal*g) -> 12.350676
B52: =D_ref -> 84 | C52: =1/2*Rho_moyen*PI()*D_var^2/4*Cx/10^6 -> 0.0020366003 | D52: =MpropuPlein+0*MasseSans -> 1.685 | E52: =m_var - 0.5*m_poudre -> 1.1685 | F52: =m_var - m_poudre -> 0.652 | G52: =MAX(0, (I_total/Temps_fin_propu)/m_prop-g) -> 480.87217 | H52: =Q_var/m_prop -> 0.0017429185 | I52: =Q_var/m_bal -> 0.00312362 | J52: =1/(2*b_prop)*LN( ((EXP(2*SQRT(a_prop*b_prop)*Temps_fin_propu)+1)^2) / (((1+1)^2)*EXP(2*SQRT(a_prop*b_prop)*Temps_fin_propu))) -> 1488.7996 | K52: =SQRT(a_prop/b_prop) * (EXP(2*SQRT(a_prop*b_prop)*Temps_fin_propu)-1)/(EXP(2*SQRT(a_prop*b_prop)*Temps_fin_propu)+1) -> 523.79651 | L52: =alt_prop + 1/(2*b_bal) * LN(1+b_bal/g*V_prop^2) -> 2206.1441 | M52: =Temps_fin_propu + ATAN(SQRT(b_bal/g)*V_prop)/SQRT(b_bal*g) -> 11.954506
B53: =D_ref -> 84 | C53: =1/2*Rho_moyen*PI()*D_var^2/4*Cx/10^6 -> 0.0020366003 | D53: =MpropuPlein+0.25*MasseSans -> 3.635 | E53: =m_var - 0.5*m_poudre -> 3.1185 | F53: =m_var - m_poudre -> 2.602 | G53: =MAX(0, (I_total/Temps_fin_propu)/m_prop-g) -> 174.0483 | H53: =Q_var/m_prop -> 0.00065307047 | I53: =Q_var/m_bal -> 0.00078270571 | J53: =1/(2*b_prop)*LN( ((EXP(2*SQRT(a_prop*b_prop)*Temps_fin_propu)+1)^2) / (((1+1)^2)*EXP(2*SQRT(a_prop*b_prop)*Temps_fin_propu))) -> 922.30444 | K53: =SQRT(a_prop/b_prop) * (EXP(2*SQRT(a_prop*b_prop)*Temps_fin_propu)-1)/(EXP(2*SQRT(a_prop*b_prop)*Temps_fin_propu)+1) -> 431.98411 | L53: =alt_prop + 1/(2*b_bal) * LN(1+b_bal/g*V_prop^2) -> 2689.0131 | M53: =Temps_fin_propu + ATAN(SQRT(b_bal/g)*V_prop)/SQRT(b_bal*g) -> 18.622219
B54: =D_ref -> 84 | C54: =1/2*Rho_moyen*PI()*D_var^2/4*Cx/10^6 -> 0.0020366003 | D54: =MpropuPlein+0.5*MasseSans -> 5.585 | E54: =m_var - 0.5*m_poudre -> 5.0685 | F54: =m_var - m_poudre -> 4.552 | G54: =MAX(0, (I_total/Temps_fin_propu)/m_prop-g) -> 103.31264 | H54: =Q_var/m_prop -> 0.00040181519 | I54: =Q_var/m_bal -> 0.00044740779 | J54: =1/(2*b_prop)*LN( ((EXP(2*SQRT(a_prop*b_prop)*Temps_fin_propu)+1)^2) / (((1+1)^2)*EXP(2*SQRT(a_prop*b_prop)*Temps_fin_propu))) -> 613.68321 | K54: =SQRT(a_prop/b_prop) * (EXP(2*SQRT(a_prop*b_prop)*Temps_fin_propu)-1)/(EXP(2*SQRT(a_prop*b_prop)*Temps_fin_propu)+1) -> 316.38384 | L54: =alt_prop + 1/(2*b_bal) * LN(1+b_bal/g*V_prop^2) -> 2531.9994 | M54: =Temps_fin_propu + ATAN(SQRT(b_bal/g)*V_prop)/SQRT(b_bal*g) -> 20.6927
B55: =D_ref -> 84 | C55: =1/2*Rho_moyen*PI()*D_var^2/4*Cx/10^6 -> 0.0020366003 | D55: =MpropuPlein+0.75*MasseSans -> 7.535 | E55: =m_var - 0.5*m_poudre -> 7.0185 | F55: =m_var - m_poudre -> 6.502 | G55: =MAX(0, (I_total/Temps_fin_propu)/m_prop-g) -> 71.882971 | H55: =Q_var/m_prop -> 0.000290176 | I55: =Q_var/m_bal -> 0.00031322674 | J55: =1/(2*b_prop)*LN( ((EXP(2*SQRT(a_prop*b_prop)*Temps_fin_propu)+1)^2) / (((1+1)^2)*EXP(2*SQRT(a_prop*b_prop)*Temps_fin_propu))) -> 443.83918 | K55: =SQRT(a_prop/b_prop) * (EXP(2*SQRT(a_prop*b_prop)*Temps_fin_propu)-1)/(EXP(2*SQRT(a_prop*b_prop)*Temps_fin_propu)+1) -> 237.17783 | L55: =alt_prop + 1/(2*b_bal) * LN(1+b_bal/g*V_prop^2) -> 2085.2008 | M55: =Temps_fin_propu + ATAN(SQRT(b_bal/g)*V_prop)/SQRT(b_bal*g) -> 20.362824
B56: =D_ref -> 84 | C56: =1/2*Rho_moyen*PI()*D_var^2/4*Cx/10^6 -> 0.0020366003 | D56: =MpropuPlein+1*MasseSans -> 9.485 | E56: =m_var - 0.5*m_poudre -> 8.9685 | F56: =m_var - m_poudre -> 8.452 | G56: =MAX(0, (I_total/Temps_fin_propu)/m_prop-g) -> 54.120659 | H56: =Q_var/m_prop -> 0.00022708371 | I56: =Q_var/m_bal -> 0.00024096075 | J56: =1/(2*b_prop)*LN( ((EXP(2*SQRT(a_prop*b_prop)*Temps_fin_propu)+1)^2) / (((1+1)^2)*EXP(2*SQRT(a_prop*b_prop)*Temps_fin_propu))) -> 339.92053 | K56: =SQRT(a_prop/b_prop) * (EXP(2*SQRT(a_prop*b_prop)*Temps_fin_propu)-1)/(EXP(2*SQRT(a_prop*b_prop)*Temps_fin_propu)+1) -> 184.64568 | L56: =alt_prop + 1/(2*b_bal) * LN(1+b_bal/g*V_prop^2) -> 1602.3155 | M56: =Temps_fin_propu + ATAN(SQRT(b_bal/g)*V_prop)/SQRT(b_bal*g) -> 18.833075
B57: =D_ref -> 84 | C57: =1/2*Rho_moyen*PI()*D_var^2/4*Cx/10^6 -> 0.0020366003 | D57: =MpropuPlein+1.25*MasseSans -> 11.435 | E57: =m_var - 0.5*m_poudre -> 10.9185 | F57: =m_var - m_poudre -> 10.402 | G57: =MAX(0, (I_total/Temps_fin_propu)/m_prop-g) -> 42.702902 | H57: =Q_var/m_prop -> 0.00018652748 | I57: =Q_var/m_bal -> 0.0001957893 | J57: =1/(2*b_prop)*LN( ((EXP(2*SQRT(a_prop*b_prop)*Temps_fin_propu)+1)^2) / (((1+1)^2)*EXP(2*SQRT(a_prop*b_prop)*Temps_fin_propu))) -> 270.59644 | K57: =SQRT(a_prop/b_prop) * (EXP(2*SQRT(a_prop*b_prop)*Temps_fin_propu)-1)/(EXP(2*SQRT(a_prop*b_prop)*Temps_fin_propu)+1) -> 148.26434 | L57: =alt_prop + 1/(2*b_bal) * LN(1+b_bal/g*V_prop^2) -> 1199.5491 | M57: =Temps_fin_propu + ATAN(SQRT(b_bal/g)*V_prop)/SQRT(b_bal*g) -> 16.938736
B58: =D_ref -> 84 | C58: =1/2*Rho_moyen*PI()*D_var^2/4*Cx/10^6 -> 0.0020366003 | D58: =MpropuPlein+1.5*MasseSans -> 13.385 | E58: =m_var - 0.5*m_poudre -> 12.8685 | F58: =m_var - m_poudre -> 12.352 | G58: =MAX(0, (I_total/Temps_fin_propu)/m_prop-g) -> 34.745474 | H58: =Q_var/m_prop -> 0.00015826244 | I58: =Q_var/m_bal -> 0.0001648802 | J58: =1/(2*b_prop)*LN( ((EXP(2*SQRT(a_prop*b_prop)*Temps_fin_propu)+1)^2) / (((1+1)^2)*EXP(2*SQRT(a_prop*b_prop)*Temps_fin_propu))) -> 221.30584 | K58: =SQRT(a_prop/b_prop) * (EXP(2*SQRT(a_prop*b_prop)*Temps_fin_propu)-1)/(EXP(2*SQRT(a_prop*b_prop)*Temps_fin_propu)+1) -> 121.87075 | L58: =alt_prop + 1/(2*b_bal) * LN(1+b_bal/g*V_prop^2) -> 897.09435 | M58: =Temps_fin_propu + ATAN(SQRT(b_bal/g)*V_prop)/SQRT(b_bal*g) -> 15.111062
B59: =D_ref -> 84 | C59: =1/2*Rho_moyen*PI()*D_var^2/4*Cx/10^6 -> 0.0020366003 | D59: =MpropuPlein+1.75*MasseSans -> 15.335 | E59: =m_var - 0.5*m_poudre -> 14.8185 | F59: =m_var - m_poudre -> 14.302 | G59: =MAX(0, (I_total/Temps_fin_propu)/m_prop-g) -> 28.882318 | H59: =Q_var/m_prop -> 0.00013743633 | I59: =Q_var/m_bal -> 0.00014239968 | J59: =1/(2*b_prop)*LN( ((EXP(2*SQRT(a_prop*b_prop)*Temps_fin_propu)+1)^2) / (((1+1)^2)*EXP(2*SQRT(a_prop*b_prop)*Temps_fin_propu))) -> 184.55348 | K59: =SQRT(a_prop/b_prop) * (EXP(2*SQRT(a_prop*b_prop)*Temps_fin_propu)-1)/(EXP(2*SQRT(a_prop*b_prop)*Temps_fin_propu)+1) -> 101.95479 | L59: =alt_prop + 1/(2*b_bal) * LN(1+b_bal/g*V_prop^2) -> 678.00256 | M59: =Temps_fin_propu + ATAN(SQRT(b_bal/g)*V_prop)/SQRT(b_bal*g) -> 13.502977
B60: =D_ref -> 84 | C60: =1/2*Rho_moyen*PI()*D_var^2/4*Cx/10^6 -> 0.0020366003 | D60: =MpropuPlein+2*MasseSans -> 17.285 | E60: =m_var - 0.5*m_poudre -> 16.7685 | F60: =m_var - m_poudre -> 16.252 | G60: =MAX(0, (I_total/Temps_fin_propu)/m_prop-g) -> 24.382809 | H60: =Q_var/m_prop -> 0.00012145393 | I60: =Q_var/m_bal -> 0.00012531382 | J60: =1/(2*b_prop)*LN( ((EXP(2*SQRT(a_prop*b_prop)*Temps_fin_propu)+1)^2) / (((1+1)^2)*EXP(2*SQRT(a_prop*b_prop)*Temps_fin_propu))) -> 156.13461 | K60: =SQRT(a_prop/b_prop) * (EXP(2*SQRT(a_prop*b_prop)*Temps_fin_propu)-1)/(EXP(2*SQRT(a_prop*b_prop)*Temps_fin_propu)+1) -> 86.437396 | L60: =alt_prop + 1/(2*b_bal) * LN(1+b_bal/g*V_prop^2) -> 519.84824 | M60: =Temps_fin_propu + ATAN(SQRT(b_bal/g)*V_prop)/SQRT(b_bal*g) -> 12.135871
B61: =D_ref*1.5 -> 126 | C61: =1/2*Rho_moyen*PI()*D_var^2/4*Cx/10^6 -> 0.0045823506 | D61: =MpropuPlein+0*MasseSans -> 1.685 | E61: =m_var - 0.5*m_poudre -> 1.1685 | F61: =m_var - m_poudre -> 0.652 | G61: =MAX(0, (I_total/Temps_fin_propu)/m_prop-g) -> 480.87217 | H61: =Q_var/m_prop -> 0.0039215666 | I61: =Q_var/m_bal -> 0.0070281451 | J61: =1/(2*b_prop)*LN( ((EXP(2*SQRT(a_prop*b_prop)*Temps_fin_propu)+1)^2) / (((1+1)^2)*EXP(2*SQRT(a_prop*b_prop)*Temps_fin_propu))) -> 1080.3886 | K61: =SQRT(a_prop/b_prop) * (EXP(2*SQRT(a_prop*b_prop)*Temps_fin_propu)-1)/(EXP(2*SQRT(a_prop*b_prop)*Temps_fin_propu)+1) -> 350.13833 | L61: =alt_prop + 1/(2*b_bal) * LN(1+b_bal/g*V_prop^2) -> 1399.5868 | M61: =Temps_fin_propu + ATAN(SQRT(b_bal/g)*V_prop)/SQRT(b_bal*g) -> 9.1674199
B62: =D_ref*1.5 -> 126 | C62: =1/2*Rho_moyen*PI()*D_var^2/4*Cx/10^6 -> 0.0045823506 | D62: =MpropuPlein+0.25*MasseSans -> 3.635 | E62: =m_var - 0.5*m_poudre -> 3.1185 | F62: =m_var - m_poudre -> 2.602 | G62: =MAX(0, (I_total/Temps_fin_propu)/m_prop-g) -> 174.0483 | H62: =Q_var/m_prop -> 0.0014694086 | I62: =Q_var/m_bal -> 0.0017610879 | J62: =1/(2*b_prop)*LN( ((EXP(2*SQRT(a_prop*b_prop)*Temps_fin_propu)+1)^2) / (((1+1)^2)*EXP(2*SQRT(a_prop*b_prop)*Temps_fin_propu))) -> 781.61724 | K62: =SQRT(a_prop/b_prop) * (EXP(2*SQRT(a_prop*b_prop)*Temps_fin_propu)-1)/(EXP(2*SQRT(a_prop*b_prop)*Temps_fin_propu)+1) -> 326.40021 | L62: =alt_prop + 1/(2*b_bal) * LN(1+b_bal/g*V_prop^2) -> 1633.9279 | M62: =Temps_fin_propu + ATAN(SQRT(b_bal/g)*V_prop)/SQRT(b_bal*g) -> 13.830468
B63: =D_ref*1.5 -> 126 | C63: =1/2*Rho_moyen*PI()*D_var^2/4*Cx/10^6 -> 0.0045823506 | D63: =MpropuPlein+0.5*MasseSans -> 5.585 | E63: =m_var - 0.5*m_poudre -> 5.0685 | F63: =m_var - m_poudre -> 4.552 | G63: =MAX(0, (I_total/Temps_fin_propu)/m_prop-g) -> 103.31264 | H63: =Q_var/m_prop -> 0.00090408417 | I63: =Q_var/m_bal -> 0.0010066675 | J63: =1/(2*b_prop)*LN( ((EXP(2*SQRT(a_prop*b_prop)*Temps_fin_propu)+1)^2) / (((1+1)^2)*EXP(2*SQRT(a_prop*b_prop)*Temps_fin_propu))) -> 563.74794 | K63: =SQRT(a_prop/b_prop) * (EXP(2*SQRT(a_prop*b_prop)*Temps_fin_propu)-1)/(EXP(2*SQRT(a_prop*b_prop)*Temps_fin_propu)+1) -> 270.25942 | L63: =alt_prop + 1/(2*b_bal) * LN(1+b_bal/g*V_prop^2) -> 1626.4087 | M63: =Temps_fin_propu + ATAN(SQRT(b_bal/g)*V_prop)/SQRT(b_bal*g) -> 15.872613
B64: =D_ref*1.5 -> 126 | C64: =1/2*Rho_moyen*PI()*D_var^2/4*Cx/10^6 -> 0.0045823506 | D64: =MpropuPlein+0.75*MasseSans -> 7.535 | E64: =m_var - 0.5*m_poudre -> 7.0185 | F64: =m_var - m_poudre -> 6.502 | G64: =MAX(0, (I_total/Temps_fin_propu)/m_prop-g) -> 71.882971 | H64: =Q_var/m_prop -> 0.000652896 | I64: =Q_var/m_bal -> 0.00070476017 | J64: =1/(2*b_prop)*LN( ((EXP(2*SQRT(a_prop*b_prop)*Temps_fin_propu)+1)^2) / (((1+1)^2)*EXP(2*SQRT(a_prop*b_prop)*Temps_fin_propu))) -> 422.89457 | K64: =SQRT(a_prop/b_prop) * (EXP(2*SQRT(a_prop*b_prop)*Temps_fin_propu)-1)/(EXP(2*SQRT(a_prop*b_prop)*Temps_fin_propu)+1) -> 216.14262 | L64: =alt_prop + 1/(2*b_bal) * LN(1+b_bal/g*V_prop^2) -> 1466.9445 | M64: =Temps_fin_propu + ATAN(SQRT(b_bal/g)*V_prop)/SQRT(b_bal*g) -> 16.472288
B65: =D_ref*1.5 -> 126 | C65: =1/2*Rho_moyen*PI()*D_var^2/4*Cx/10^6 -> 0.0045823506 | D65: =MpropuPlein+1*MasseSans -> 9.485 | E65: =m_var - 0.5*m_poudre -> 8.9685 | F65: =m_var - m_poudre -> 8.452 | G65: =MAX(0, (I_total/Temps_fin_propu)/m_prop-g) -> 54.120659 | H65: =Q_var/m_prop -> 0.00051093835 | I65: =Q_var/m_bal -> 0.00054216169 | J65: =1/(2*b_prop)*LN( ((EXP(2*SQRT(a_prop*b_prop)*Temps_fin_propu)+1)^2) / (((1+1)^2)*EXP(2*SQRT(a_prop*b_prop)*Temps_fin_propu))) -> 329.81862 | K65: =SQRT(a_prop/b_prop) * (EXP(2*SQRT(a_prop*b_prop)*Temps_fin_propu)-1)/(EXP(2*SQRT(a_prop*b_prop)*Temps_fin_propu)+1) -> 174.08763 | L65: =alt_prop + 1/(2*b_bal) * LN(1+b_bal/g*V_prop^2) -> 1237.2248 | M65: =Temps_fin_propu + ATAN(SQRT(b_bal/g)*V_prop)/SQRT(b_bal*g) -> 16.108166
B66: =D_ref*1.5 -> 126 | C66: =1/2*Rho_moyen*PI()*D_var^2/4*Cx/10^6 -> 0.0045823506 | D66: =MpropuPlein+1.25*MasseSans -> 11.435 | E66: =m_var - 0.5*m_poudre -> 10.9185 | F66: =m_var - m_poudre -> 10.402 | G66: =MAX(0, (I_total/Temps_fin_propu)/m_prop-g) -> 42.702902 | H66: =Q_var/m_prop -> 0.00041968683 | I66: =Q_var/m_bal -> 0.00044052592 | J66: =1/(2*b_prop)*LN( ((EXP(2*SQRT(a_prop*b_prop)*Temps_fin_propu)+1)^2) / (((1+1)^2)*EXP(2*SQRT(a_prop*b_prop)*Temps_fin_propu))) -> 265.19612 | K66: =SQRT(a_prop/b_prop) * (EXP(2*SQRT(a_prop*b_prop)*Temps_fin_propu)-1)/(EXP(2*SQRT(a_prop*b_prop)*Temps_fin_propu)+1) -> 142.49744 | L66: =alt_prop + 1/(2*b_bal) * LN(1+b_bal/g*V_prop^2) -> 1000.7532 | M66: =Temps_fin_propu + ATAN(SQRT(b_bal/g)*V_prop)/SQRT(b_bal*g) -> 15.186427
B67: =D_ref*1.5 -> 126 | C67: =1/2*Rho_moyen*PI()*D_var^2/4*Cx/10^6 -> 0.0045823506 | D67: =MpropuPlein+1.5*MasseSans -> 13.385 | E67: =m_var - 0.5*m_poudre -> 12.8685 | F67: =m_var - m_poudre -> 12.352 | G67: =MAX(0, (I_total/Temps_fin_propu)/m_prop-g) -> 34.745474 | H67: =Q_var/m_prop -> 0.0003560905 | I67: =Q_var/m_bal -> 0.00037098046 | J67: =1/(2*b_prop)*LN( ((EXP(2*SQRT(a_prop*b_prop)*Temps_fin_propu)+1)^2) / (((1+1)^2)*EXP(2*SQRT(a_prop*b_prop)*Temps_fin_propu))) -> 218.19245 | K67: =SQRT(a_prop/b_prop) * (EXP(2*SQRT(a_prop*b_prop)*Temps_fin_propu)-1)/(EXP(2*SQRT(a_prop*b_prop)*Temps_fin_propu)+1) -> 118.50342 | L67: =alt_prop + 1/(2*b_bal) * LN(1+b_bal/g*V_prop^2) -> 792.29341 | M67: =Temps_fin_propu + ATAN(SQRT(b_bal/g)*V_prop)/SQRT(b_bal*g) -> 14.029057
B68: =D_ref*1.5 -> 126 | C68: =1/2*Rho_moyen*PI()*D_var^2/4*Cx/10^6 -> 0.0045823506 | D68: =MpropuPlein+1.75*MasseSans -> 15.335 | E68: =m_var - 0.5*m_poudre -> 14.8185 | F68: =m_var - m_poudre -> 14.302 | G68: =MAX(0, (I_total/Temps_fin_propu)/m_prop-g) -> 28.882318 | H68: =Q_var/m_prop -> 0.00030923174 | I68: =Q_var/m_bal -> 0.00032039929 | J68: =1/(2*b_prop)*LN( ((EXP(2*SQRT(a_prop*b_prop)*Temps_fin_propu)+1)^2) / (((1+1)^2)*EXP(2*SQRT(a_prop*b_prop)*Temps_fin_propu))) -> 182.65438 | K68: =SQRT(a_prop/b_prop) * (EXP(2*SQRT(a_prop*b_prop)*Temps_fin_propu)-1)/(EXP(2*SQRT(a_prop*b_prop)*Temps_fin_propu)+1) -> 99.88413 | L68: =alt_prop + 1/(2*b_bal) * LN(1+b_bal/g*V_prop^2) -> 622.81222 | M68: =Temps_fin_propu + ATAN(SQRT(b_bal/g)*V_prop)/SQRT(b_bal*g) -> 12.841931
B69: =D_ref*1.5 -> 126 | C69: =1/2*Rho_moyen*PI()*D_var^2/4*Cx/10^6 -> 0.0045823506 | D69: =MpropuPlein+2*MasseSans -> 17.285 | E69: =m_var - 0.5*m_poudre -> 16.7685 | F69: =m_var - m_poudre -> 16.252 | G69: =MAX(0, (I_total/Temps_fin_propu)/m_prop-g) -> 24.382809 | H69: =Q_var/m_prop -> 0.00027327135 | I69: =Q_var/m_bal -> 0.0002819561 | J69: =1/(2*b_prop)*LN( ((EXP(2*SQRT(a_prop*b_prop)*Temps_fin_propu)+1)^2) / (((1+1)^2)*EXP(2*SQRT(a_prop*b_prop)*Temps_fin_propu))) -> 154.92539 | K69: =SQRT(a_prop/b_prop) * (EXP(2*SQRT(a_prop*b_prop)*Temps_fin_propu)-1)/(EXP(2*SQRT(a_prop*b_prop)*Temps_fin_propu)+1) -> 85.111794 | L69: =alt_prop + 1/(2*b_bal) * LN(1+b_bal/g*V_prop^2) -> 490.32533 | M69: =Temps_fin_propu + ATAN(SQRT(b_bal/g)*V_prop)/SQRT(b_bal*g) -> 11.729475
B73: =IF(Lang="Français","Textes pour les graphiques :","Texts for graphics :") -> Textes pour les graphiques :
B75: =IF(Lang="Français","Masse totale",IF(Lang="English","Total Mass","")) -> Masse totale
B76: =IF(Lang="Français","Vitesse max",IF(Lang="English","Max Velocity","")) -> Vitesse max
B77: =Abaco!$B$76 & " / " & Abaco!$B$75 -> Vitesse max / Masse totale
B78: =IF(Lang="Français","Altitude max",IF(Lang="English","Max Altitude","")) -> Altitude max
B79: =Abaco!$B$78 & " / " & Abaco!$B$75 -> Altitude max / Masse totale
B80: =IF(Lang="Français","Temps de culmination",IF(Lang="English","Apogee time","")) -> Temps de culmination
B81: =Abaco!$B$80 & " / " & Abaco!$B$75 -> Temps de culmination / Masse totale

Sheet Info
C2: StabTraj
C5: =IF(Lang="Français","Stabilité de fusée à ailerons","Stability of finned rocket") -> Stabilité de fusée à ailerons
C6: =IF(Lang="Français","Calculs de Stabilité basés sur les équations de Barrowman","Stability calculs are based on Barrowman equations") -> Calculs de Stabilité basés sur les équations de Barrowman
C7: =IF(Lang="Français","Trajectographie de fusée","Rocket Trajectography") -> Trajectographie de fusée
C8: =IF(Lang="Français","Trajectoire dans un plan par calcul pas à pas","Trajectory in a plane, step by step computation") -> Trajectoire dans un plan par calcul pas à pas
C10: =IF(Lang="Français","Documentation et équations :","Documentation and equations are aviable in french:") -> Documentation et équations :
C11: =IF(Lang="Français","voir le dossier technique Planète-Sciences ''Le Vol de la Fusée, Stabilité & Trajectographie''","dossier technique Planète-Sciences ''Le Vol de la Fusée, Stabilité & Trajectographie''") -> voir le dossier technique Planète-Sciences ''Le Vol de la Fusée, Stabilité & Trajectographie''
C12: =IF(Lang="Français","Néanmoins, les équations d'intégration du mouvement utilisées sont légèrement différentes !","") -> Néanmoins, les équations d'intégration du mouvement utilisées sont légèrement différentes !
C13: =IF(Lang="Français","Logiciels et dossier technique téléchargeables sur :","Softwares and french documentation can be downloaded at:") -> Logiciels et dossier technique téléchargeables sur : | H13: http://www.planete-sciences.org/espace/basedoc/
C15: =IF(Lang="Français","Pour les experts :","For experts:") -> Pour les experts :
C16: =IF(Lang="Français","Pour les curieux et les experts, vous pouvez déprotéger les feuilles de calcul (mot de passe : anstj),","Curious people can unlock excel sheets with this password : anstj") -> Pour les curieux et les experts, vous pouvez déprotéger les feuilles de calcul (mot de passe : anstj),
C17: =IF(Lang="Français","et faire vos modifications personnelles (ajout de moteur...).","and do your personal modification (adding a motor...)") -> et faire vos modifications personnelles (ajout de moteur...).
C18: Pour prendre en compte plsu de moteurs, il faut changer les variables "menu_type" et "liste"propu" dans le gestionnaire de noms.
C19: =IF(Lang="Français","Merci néanmoins de diffuser uniquement la version officielle protégée (fichier initial).","Please avoid distributing unlocked version.") -> Merci néanmoins de diffuser uniquement la version officielle protégée (fichier initial).
C20: =IF(Lang="Français","Aucune Macro. Mise en forme conditionnelle, Noms de zone.","No macro. Conditionnal formating, named zones.") -> Aucune Macro. Mise en forme conditionnelle, Noms de zone.
C21: =IF(Lang="Français","Pour changer les choix des menus déroulants et les restrictions des cellules jaunes, cf. Données> Validations…", "To change choices menu & yellow cells restrictions, go to data validation.") -> Pour changer les choix des menus déroulants et les restrictions des cellules jaunes, cf. Données> Validations…
C22: =IF(Lang="Français","Les unités sont réglés dans le Format de la cellule.","Units are set in cell number Format") -> Les unités sont réglés dans le Format de la cellule. | H22: espace@planete-sciences.org
C23: =IF(Lang="Français","Vous pouvez proposer vos améliorations en envoyant votre fichier à : ","Send all remarks and improvements proposals to:") -> Vous pouvez proposer vos améliorations en envoyant votre fichier à :
C25: =IF(Lang="Français","Licence :","License:") -> Licence :
C26: =IF(Lang="Français","Ce logiciel est placé sous la licence Creative Commons BY-SA","This software is placed under Creative Commons licence BY-SA") -> Ce logiciel est placé sous la licence Creative Commons BY-SA | H26: http://creativecommons.org/licenses/by-sa/3.0/
C28: =IF(Lang="Français","Compatibilité :","Compatibility:") -> Compatibilité :
C29: Microsoft Excel 2003 ou +
C30: LibreOffice Calc 3.4 ou +
C31: OpenOffice Calc
C33: =IF(Lang="Français","Historique :","History:") -> Historique :
C34: Stabilito V1.x | D34: Léo Côme | E34: 2002-2007 | F34: =IF(Lang="Français","Essais personnels, héritage d'une feuille de calcul de Vincent Girard, ESO","Personnel tests") -> Essais personnels, héritage d'une feuille de calcul de Vincent Girard, ESO
C35: Stabilito V2.0 | D35: Léo Côme | E35: 39483 | F35: =IF(Lang="Français","Equations de Barrowman généralisées (D_ref), masquage inter-ailerons, bilingue fr-en","Generalized Barrowman equations (D_ref), fin-fin interaction, english translation") -> Equations de Barrowman généralisées (D_ref), masquage inter-ailerons, bilingue fr-en
C36: Stabilito V2.1 | D36: Léo Côme | E36: 39507 | F36: =IF(Lang="Français","Schéma de la fusée, estimation analytique de la trajecto, diagramme des critères","Rocket schematic, analytical trajecto, criterions diagram") -> Schéma de la fusée, estimation analytique de la trajecto, diagramme des critères
C37: Stabilito V2.2 | D37: Léo Côme | E37: 39694 | F37: =IF(Lang="Français","Mise en forme","Formatting") -> Mise en forme
C38: Trajecto V1.x | D38: Léo Côme | E38: 39643 | F38: =IF(Lang="Français","Essais personnels, héritage d'une feuille de calcul de Félicien Roux, ESO","Personal tests") -> Essais personnels, héritage d'une feuille de calcul de Félicien Roux, ESO
C39: Trajecto V2.x | D39: Léo Côme | E39: 39755 | F39: =IF(Lang="Français","Réécriture équations, traduction, érgonomie","Equations, traduction, ergonomy") -> Réécriture équations, traduction, érgonomie
C40: Trajecto V2.4 | D40: Léo Côme | E40: 39756 | F40: =IF(Lang="Français","Conditions Initiales pour vol 2e étage, 1ère publication","Initial Conditions, 1st publication") -> Conditions Initiales pour vol 2e étage, 1ère publication
C41: Trajecto V2.5 | D41: Léo Côme | E41: 40658 | F41: Moteurs Rocketry-Challenge, bug Surface_parachute, Satellite, bug Ooo
C42: StabTraj V3.0 | D42: Léo Côme | E42: 40868 | F42: =IF(Lang="Français","Fusion Stabilito+Trajecto, mise en forme, Ctrl, RC, H2O, Abaco","Merge Stabilito+Trajecto, formatting, Ctrl, RC, H2O, Abaco") -> Fusion Stabilito+Trajecto, mise en forme, Ctrl, RC, H2O, Abaco
C43: StabTraj V3.1 | D43: Léo Côme | E43: 41194 | F43: Propu : +RC & +Tintin 2013 : 3 p24-1G, p24-3G 75F51 & 60F50, Pro98-2G & 3G WT
C44: StabTraj V3.2 | D44: Léo Côme | E44: 41329 | F44: Propu : +multi-µ-fu, -Wapiti, warning Cariacou, "Rufina"
C45: StabTraj V3.3a | D45: Sylvain Besson | E45: 41947 | F45: Propu : +ProX, Stabilito : séparation minif/RC, Trajecto : dépotage +rampe RC 3m
C46: StabTraj V3.3e | D46: Sylvain Besson | E46: 41965 | F46: Modification des alertes, +Effort subit par les parachutes
C47: StabTraj V3.4.1 | D47: Sylvain Besson | E47: 43048 | F47: Propu : +Klima D9
C48: StabTraj V3.4.2 | D48: Sylvain Besson | E48: 44160 | F48: Ajout propu
C49: StabTraj V3.4.3 | D49: Flavien DENIS | E49: 45300 | F49: Ajout Pro54-5G WT et Pro98-6G Green
C50: StabTraj V3.4.4 | D50: Sylvain Besson | E50: 45322 | F50: Unification Type Minif et RC + liste déroulante pour le type de parachute.
C51: StabTraj V3.4.5 | D51: Sylvain Besson | E51: 45325 | F51: Corrections mineurs
C53: =IF(Lang="Français","Paramètres de référence :","Reference parameters:") -> Paramètres de référence :
C54: =IF(Lang="Français","Gravité g :","Gravity g") -> Gravité g : | E54: 9.81 | F54: m/s²
C55: =IF(Lang="Français","Masse volumique de l'air ρ :","Air density ρ") -> Masse volumique de l'air ρ : | E55: 1.225 | F55: kg/m3

Sheet Controle
D3: Données au format des fiches de contrôles minif : | P3: l = | Q3: =Long_ogive -> 275
D4: Matriucle | E4: =Matricule -> FX0
D5: Propulseur | E5: =Propu -> Barasinga (Pro54-5G C) | G5: Masse sans prop. (kg) | H5: =MasseSans -> 7.8
D6: Couleur de la fusée | E6: =Trajecto!H34 -> Brun/Orange… | G6: Diamètre max (mm) | H6: =D_ref -> 84
D7: Couleur du ralentisseur | E7: =Trajecto!H35 -> Rouge… | G7: Cx | H7: =Cx -> 0.6
D8: Surface ralentisseur (m²) | E8: =S_para -> 0.4805 | G8: Longeur de la rampe (m) | H8: =L_rampe -> 4
D9: Type d'éjection du para. | G9: Type d'ogive | H9: =Forme_ogive -> Conique (droite)
D11: Masse sans propu (kg) | E11: =MasseSans -> 7.8 | F11: VL4 | G11: 10 < finesse < 20 | H11: =Vsortie_de_rampe -> #N/A | U11: =IF(RIGHT(Nb_diam,1)=",", "", X_j)
F12: VL4 | G12: 15 < Cn < 30 | H12: =Finesse -> 16.785714 | P12: D = | Q12: =D_og -> 84
D13: Cx | E13: =Cx -> 0.6 | F13: VL4 | G13: 1,5.D < Ms < 6.D | H13: =Cn -> 15.682157 | U13: =IF(RIGHT(Nb_diam,1)=",", "", X_r)
D14: Longueur rampe | E14: =L_rampe -> 4 | F14: VL4 | G14: 30 < Ms x Cn < 100 | H14: =MS_min -> 3.6843727 | I14: =MS_max -> 4.0345635
D15: Epaisseur ailerons | E15: =ep_ail -> 4 | F15: VL4 | G15: Vsortie de rampe (> 18 m/s) | H15: =MS_Cn_min -> 57.778909 | I15: =MS_Cn_max -> 63.270657
D16: Nombre ailerons | E16: =Q_ail -> 4 | F16: RC1 | G16: 5 < Vc < 15 m/s | H16: =V_para -> 16.784736 | I16: =V_satellite -> 12.655563 | U16: =IF(RIGHT(Nb_diam,1)=",", "", l_j)
D17: Type d'ogive | E17: =Forme_ogive -> Conique (droite) | F17: RC2 | G17: Temps de retard ralentisseur | H17: =T_para -> 21.7 | P17: Dj = | Q17: =IF(RIGHT(Nb_diam,1)=",", "", D2j)
D18: Haut du propu "Prop" | E18: =XpropuRef-Long_propu -> 862 | F18: RC2 | G18: Indication dépotage lanceur | H18: =T_para-Combustion-Depotage -> 21.7
F19: RC5 | G19: Portée balistique < 200 m | H19: =Portee_balistique -> 2310.0931
U20: =IF(RIGHT(Nb_diam,1)=",", "", l_r)
C22: (mm) | D22: Fusée | F22: Ailerons | G22: Bi empennage | J22: Transition A | K22: Transition B
C23: X cg (sans) | D23: =XcgSans -> 827 | E23: m | F23: =m_ail -> 180 | G23: =m_can -> 70 | I23: L | J23: =l_j -> 50 | K23: =l_r -> 50
C24: L tot | D24: =Long_tot -> 1410 | E24: n | F24: =n_ail -> 80 | G24: =n_can -> 10 | I24: D 1 | J24: =D1j -> 84 | K24: =D1r -> 84
C25: X prop | D25: =XpropuRef -> 1350 | E25: p | F25: =p_ail -> 160 | G25: =p_can -> 40 | I25: D 2 | J25: =D2j -> 104 | K25: =D2r -> 104
C26: D | D26: =D_ref -> 84 | E26: E | F26: =E_ail -> 110 | G26: =E_can -> 50 | I26: X | J26: =X_j -> 1 | K26: =X_r -> 0
C27: L ogive | D27: =Long_ogive -> 275 | E27: X ail | F27: =X_ail -> 1410 | G27: =X_can -> 700
C29: Inclinaison | D29: Portée balistique (m) | E29: Temps de vol avec parachute (s) | H29: Culmination | L29: Accélération max (m/s²) | M29: Vmax (m/s) | O29: n = | P29: =n_ail -> 80 | U29: ailrons haut
H30: Altitude (m) | J30: Temps (s) | K30: Vitesse (m/s) | T30: p = | U30: =[0]!p_can -> 40
C31: =Beta_rampe -> 72.642008 | D31: =Portee_balistique -> 2310.0931 | E31: =T_para+Dt_para -> 165.81349 | H31: =Altitude_culmi -> 2430.751 | J31: =Temps_culmi -> 23.2 | K31: =Vit_culmi -> 52.227679 | L31: =Acc_max -> 83.369808 | M31: =Vit_max -> 238.2867 | O31: ep = | P31: =ep_ail -> 4 | T31: m = | U31: =[0]!m_can -> 70
O32: nombre | P32: =Q_ail -> 4 | T32: n = | U32: =[0]!n_can -> 10
T33: E = | U33: =[0]!E_can -> 50
P34: E = | Q34: =E_ail -> 110 | T34: ep = | U34: =[0]!ep_can -> 2
T35: nombre | U35: =[0]!Q_can -> 4
D38: Donneés au format des fiches de contrôles Fusex : | H38: Matricule | I38: =Matricule -> FX0
D40: Diamètre "D" | E40: =D_ref -> 84 | H40: sans | I40: vide | J40: plein
D41: Longueur ogive "l" | E41: =Long_ogive -> 275 | G41: Masse | H41: =MasseSans -> 7.8 | I41: =MasseVide -> 8.452 | J41: =MassePlein -> 9.485
D42: Position ailerons "L" | E42: =X_ail-m_ail -> 1230 | G42: CdG | H42: =XcgSans -> 827 | I42: =XcgVide -> 848.21391 | J42: =XcgPlein -> 877.62994
D43: =IF(Lang="Français","Emplanture 'm'",IF(Lang="English","Root edge 'm'","")) -> Emplanture 'm' | E43: =m_ail -> 180
D44: =IF(Lang="Français","Saumon 'n'",IF(Lang="English","Tip edge 'n'","")) -> Saumon 'n' | E44: =n_ail -> 80 | F44: STAB 1 | G44: Vsortie de rampe (> 20 m/s) | H44: =Vsortie_de_rampe -> #N/A
D45: =IF(Lang="Français","Flèche 'p'",IF(Lang="English","Offset 'p'","")) -> Flèche 'p' | E45: =p_ail -> 160 | F45: STAB 2 | G45: 10 < finesse < 35 | H45: =Finesse -> 16.785714
D46: =IF(Lang="Français","Envergure 'E'",IF(Lang="English","Span 'E'","")) -> Envergure 'E' | E46: =E_ail -> 110 | F46: STAB 3 | G46: 15 < Portance < 40 | H46: =Cn -> 15.682157
D47: Epaisseur ailerons | E47: =ep_ail -> 4 | F47: STAB 4 | G47: 2*D < Ms < 6*D | H47: =MS_min -> 3.6843727 | I47: =MS_max -> 4.0345635
D48: Nombre ailerons | E48: =Q_ail -> 4 | F48: STAB 5 | G48: 40 < Ms x Cn < 100 | H48: =MS_Cn_min -> 57.778909 | I48: =MS_Cn_max -> 63.270657
D49: Haut du propu "Prop" | E49: =XpropuRef-Long_propu -> 862
D50: Type d'ogive | E50: =Forme_ogive -> Conique (droite) | G50: Cx | H50: =Cx -> 0.6
D51: Longueur totale | E51: =Long_tot -> 1410 | G51: Maître couple (m²) | H51: =Sref -> 0.0073017694
D52: Diamètre max | E52: =MAX(D_ref,D_ail,D_og,(RIGHT(Nb_diam,1)=",")*MAX(D1j,D1r,D2j,D2r)) -> 104 | G52: Site | H52: =Beta_rampe -> 72.642008 | I52: 80 | J52: 90
D53: Envergure totale | E53: =E_ail*2+D_ail -> 304 | G53: Temps culmi (s) | H53: =Temps_culmi -> 23.2
G54: Altitude culmi (m) | H54: =Altitude_culmi -> 2430.751
C55: CR 1 | D55: Longueur | E55: =Long_tot -> 1410 | G55: Vitesse culmi (m/s) | H55: =Vit_culmi -> 52.227679
D56: Diamètre max (40à200) | E56: =MAX(D_ref,D_ail,D_og,(RIGHT(Nb_diam,1)=",")*MAX(D1j,D1r,D2j,D2r)) -> 104 | G56: Portée balistique (m) | H56: =Portee_balistique -> 2310.0931
D57: Envergure totale <720 | E57: =E_ail*2+D_ail -> 304 | G57: Temps balistique (s) | H57: =T_balistique -> 48.3
D58: Masse <15 | E58: =MassePlein -> 9.485 | G58: Vmax (m/s) | H58: =Vit_max -> 238.2867
C59: CR 2 | D59: Nombre ailerons | E59: =Q_ail -> 4 | G59: Accélération max (m/s²) | H59: =Acc_max -> 83.369808
G60: Pensez à modifier l'inclinaison pour avoir les 2 valeurs.
E61: N | F61: kg
C62: MEC 3 | D62: Compression 2.Acc.M | E62: =2*Acc_max*MassePlein -> 1581.5253 | F62: =E62/9.81 -> 161.21562
D63: Resist long aileron | E63: =2*Acc_max*Masse_ail -> 19.075012 | F63: =E63/9.81 -> 1.9444457 | G63: Masse aileron (kg) | H63: =S_ail*(ep_ail/1000)*2000 -> 0.1144
D64: Resist transv aileron | E64: =0.104*S_ail*Vit_max^2 -> 84.444036 | F64: =E64/9.81 -> 8.6079547 | G64: Surface aileron (m²) | H64: =(E_ail*(m_ail+n_ail)/2)/10^6 -> 0.0143
C65: REC 8 | D65: Compression porte | E65: =2*Acc_max*H65 -> 790.76263 | F65: =E65/9.81 -> 80.607811 | G65: Masse au-dessus porte | H65: =E58/2 -> 4.7425
F67: SEQ 5 | G67: T dépotage +/-2s /appogée | H67: =T_para -> 21.7 | I67: =Temps_culmi -> 23.2
F68: REC 2 | G68: 5 < Vc < 15 m/s | H68: =V_para -> 16.784736 | I68: =V_satellite -> 12.655563
G69: Surface parachute m² | H69: =S_para -> 0.4805 | I69: =S_satellite -> 0.1
G70: Vitesse à l'ouverture m/s | H70: =V_ouverture -> 55.452447 | I70: =V_ouv_sat -> #N/A
G71: Masse | H71: =m_vide -> 8.452 | I71: =m_satellite -> 1
G72: Choc à l'ouverture N | H72: =1/2*Rho_moyen*S_para*V_ouverture^2 -> 904.98404 | I72: =1/2*Rho_moyen*S_satellite*V_ouv_sat^2 -> #N/A
G73: Choc à l'ouverture kg | H73: =H72/9.81 -> 92.251177 | I73: =I72/9.81 -> #N/A
D78: Donneés au format des fiches de lancement Fusex :
G79: MECANIQUE
C80: Projet | D80: =Nom -> SP02_BETA
C81: Club | D81: =Club -> L'AéroIPSA
C82: Chef de projet | D82: - | E82: l = | F82: =Long_ogive -> 275
C83: Date | D83: =TODAY() -> 45890
J84: =IF(RIGHT(Nb_diam,1)=",", "", X_j)
C85: Moteur | D85: =Propu -> Barasinga (Pro54-5G C) | E85: D = | F85: =D_og -> 84
C86: Virole | D86: - | J86: =IF(RIGHT(Nb_diam,1)=",", "", X_r)
J88: =IF(RIGHT(Nb_diam,1)=",", "", l_j)
E90: Dj = | F90: =IF(RIGHT(Nb_diam,1)=",", "", D2j) | J90: =X_ail-m_ail -> 1230
J92: =IF(RIGHT(Nb_diam,1)=",", "", l_r)
E94: Dr = | F94: =IF(RIGHT(Nb_diam,1)=",", "", D2r)
E97: m = | F97: =m_ail -> 180 | J97: =p_ail -> 160
D100: Nb Aileron | E100: =Q_ail -> 4
D101: X_plaque de poussée | E101: =XpropuRef-Long_propu -> 862 | J101: =n_ail -> 80
D102: Type ogive | E102: =IF(LEFT(Forme_ogive,4)="Ogiv",1,0) -> 0 | F102: ogivale
E103: =IF(LEFT(Forme_ogive,3)="Con",1,0) -> 1 | F103: conique
E104: =IF(LEFT(Forme_ogive,5)="Parab",1,0) -> 0 | F104: parabolique | J104: Epaisseur :
H105: =E_ail -> 110 | J105: =ep_ail -> 4
E106: Sans propu | F106: Propu plein
D107: Masse fusée | E107: =MasseSans -> 7.8 | F107: =MassePlein -> 9.485
D108: X_CdG | E108: =XcgSans -> 827 | F108: =XcgPlein -> 877.62994
D110: Masse avec propu vide | E110: =MasseVide -> 8.452 | G110: Simulation de vol
G111: Site | H111: =Beta_rampe -> 72.642008 | I111: 80 | J111: 90
G112: Temps culmi (s) | H112: =Temps_culmi -> 23.2
D113: Tenue mécanique | G113: Altitude culmi (m) | H113: =Altitude_culmi -> 2430.751
G114: Vitesse culmi (m/s) | H114: =Vit_culmi -> 52.227679
C115: masse d'un aileron | E115: 0.1 | G115: Portée balistique (m) | H115: =Portee_balistique -> 2310.0931
C116: superficie d'un aileron | E116: =E_ail*(m_ail+n_ail)/2 -> 14300 | G116: Vmax (m/s) | H116: =Vit_max -> 238.2867
G117: Accélération max (m/s²) | H117: =Acc_max -> 83.369808
C118: fleche acceptable(mm) | F118: =J90/100 -> 12.3 | G118: Cx | H118: =Cx -> 0.6
C119: compression | E119: =2*Acc_max*MasseSans -> 1300.569 | F119: =E119/g -> 132.57584 | G119: Pensez à modifier l'inclinaison pour avoir les 2 valeurs.
C120: Resistance longitudinale d'un aileron | E120: =2*Acc_max*E115 -> 16.673962 | F120: =E120/g -> 1.6996903
C121: Resistance transversale d'un aileron | E121: =0.104*E116/1000000*Vit_max^2 -> 84.444036 | F121: =E121/g -> 8.6079547
D124: Récupération
...
